{
  "lambda_adv": 0.6,
  "adv_c": 0.1,
  "min_f1_ratio": 0.99,
  "t_aae": 0.6551020408163265,
  "t_sae": 0.4265306122448979,
  "val_accuracy": 0.8502802241793435,
  "val_f1": 0.8495575221238938,
  "val_AAE_FPR": 0.1481481481481481,
  "val_AAE_FNR": 0.1397849462365591,
  "val_AAE_TPR": 0.8602150537634409,
  "val_AAE_acc": 0.8591549295774648,
  "val_AAE_pos_rate": 0.7699530516431925,
  "val_SAE_FPR": 0.1440536013400335,
  "val_SAE_FNR": 0.1617312072892938,
  "val_SAE_TPR": 0.8382687927107062,
  "val_SAE_acc": 0.8484555984555985,
  "val_SAE_pos_rate": 0.4382239382239382,
  "val_FPR_gap": 0.0040945468081146,
  "val_FNR_gap": 0.0219462610527347,
  "val_TPR_gap": 0.0219462610527346,
  "val_mean_FPR": 0.1461008747440908,
  "val_mean_FNR": 0.1507580767629265,
  "val_abs_balance": 0.0046572020188356,
  "val_DIfav": 0.4094993715725757,
  "val_DIunfav": 1.7569853376651527,
  "test_accuracy": 0.8166533226581265,
  "test_f1": 0.8201099764336214,
  "test_AAE_FPR": 0.2962962962962963,
  "test_AAE_FNR": 0.1344086021505376,
  "test_AAE_TPR": 0.8655913978494624,
  "test_AAE_acc": 0.8450704225352113,
  "test_AAE_pos_rate": 0.7934272300469484,
  "test_SAE_FPR": 0.1989966555183946,
  "test_SAE_FNR": 0.1757990867579908,
  "test_SAE_TPR": 0.8242009132420092,
  "test_SAE_acc": 0.8108108108108109,
  "test_SAE_pos_rate": 0.4633204633204633,
  "test_FPR_gap": 0.0972996407779016,
  "test_FNR_gap": 0.0413904846074532,
  "test_TPR_gap": 0.0413904846074532,
  "test_mean_FPR": 0.2476464759073454,
  "test_mean_FNR": 0.1551038444542642,
  "test_abs_balance": 0.0925426314530812,
  "test_DIfav": 0.3849089670570226,
  "test_DIunfav": 1.712480401223628,
  "train_elapsed_sec": 157.48,
  "val_score": -0.18794984299655046,
  "test_score": 0.12330241978996598
}