{
  "lambda_adv": 1.5,
  "adv_c": 0.1,
  "min_f1_ratio": 0.99,
  "d_aae_0": 1.0,
  "d_sae_0": 0.0,
  "d_aae_1": 1.0,
  "d_sae_1": 0.5,
  "d_aae_2": -0.5,
  "d_sae_2": 0.0,
  "val_accuracy": 0.8237826203927899,
  "val_f1_macro": 0.559903800918809,
  "val_f1_weighted": 0.8042587567490922,
  "val_f1_class_0": 0.591747146619842,
  "val_f1_class_1": 0.1918819188191882,
  "val_f1_class_2": 0.8960823373173971,
  "val_AAE_FPR_0": 0.0767567567559269,
  "val_AAE_FNR_0": 0.481481481303155,
  "val_AAE_FPR_1": 0.0141766630314702,
  "val_AAE_FNR_1": 0.8857142854612244,
  "val_AAE_FPR_2": 0.6451612902185223,
  "val_AAE_FNR_2": 0.0898876404484282,
  "val_SAE_FPR_0": 0.0493542435422077,
  "val_SAE_FNR_0": 0.4589614740291631,
  "val_SAE_FPR_1": 0.0065764023210577,
  "val_SAE_FNR_1": 0.8777777777290123,
  "val_SAE_FPR_2": 0.5238095238027823,
  "val_SAE_FNR_2": 0.0497987927562887,
  "val_FPR_gap_0": 0.0274025132137191,
  "val_FNR_gap_0": 0.0225200072739918,
  "val_FPR_gap_1": 0.0076002607104125,
  "val_FNR_gap_1": 0.0079365077322121,
  "val_FPR_gap_2": 0.1213517664157399,
  "val_FNR_gap_2": 0.0400888476921394,
  "val_mean_FPR_gap": 0.0521181801132905,
  "val_mean_FNR_gap": 0.0235151208994478,
  "val_AAE_mean_FPR": 0.2453649033353065,
  "val_SAE_mean_FPR": 0.1932467232220159,
  "val_AAE_mean_FNR": 0.4856944690709359,
  "val_SAE_mean_FNR": 0.462179348171488,
  "val_mean_FPR": 0.2193058132786612,
  "val_mean_FNR": 0.4739369086212119,
  "val_abs_balance": 0.0521181801132905,
  "test_accuracy": 0.8305540613232921,
  "test_f1_macro": 0.5682452864663899,
  "test_f1_weighted": 0.8120072484361813,
  "test_f1_class_0": 0.6144473455178416,
  "test_f1_class_1": 0.1890909090909091,
  "test_f1_class_2": 0.9011976047904192,
  "test_AAE_FPR_0": 0.0713513513505799,
  "test_AAE_FNR_0": 0.2222222221399176,
  "test_AAE_FPR_1": 0.0206971677557658,
  "test_AAE_FNR_1": 0.882352940916955,
  "test_AAE_FPR_2": 0.4754098359876377,
  "test_AAE_FNR_2": 0.087542087541105,
  "test_SAE_FPR_0": 0.0484317343171197,
  "test_SAE_FNR_0": 0.4448160535042673,
  "test_SAE_FPR_1": 0.0061871616395739,
  "test_SAE_FNR_1": 0.8777777777290123,
  "test_SAE_FPR_2": 0.507712082255685,
  "test_SAE_FNR_2": 0.046277665995743,
  "test_FPR_gap_0": 0.0229196170334602,
  "test_FNR_gap_0": 0.2225938313643496,
  "test_FPR_gap_1": 0.0145100061161919,
  "test_FNR_gap_1": 0.0045751631879427,
  "test_FPR_gap_2": 0.0323022462680472,
  "test_FNR_gap_2": 0.0412644215453619,
  "test_mean_FPR_gap": 0.0232439564725664,
  "test_mean_FNR_gap": 0.0894778053658847,
  "test_AAE_mean_FPR": 0.1891527850313278,
  "test_SAE_mean_FPR": 0.1874436594041262,
  "test_AAE_mean_FNR": 0.3973724168659926,
  "test_SAE_mean_FNR": 0.4562904990763409,
  "test_mean_FPR": 0.188298222217727,
  "test_mean_FNR": 0.4268314579711668,
  "test_abs_balance": 0.0017091256272016,
  "train_elapsed_sec": 67.44,
  "val_score": 0.13894165007824694,
  "test_score": 0.05639469663982266
}