{
  "lambda_adv": 0.25,
  "adv_c": 1.0,
  "min_f1_ratio": 0.99,
  "d_aae_0": 0.5,
  "d_sae_0": 0.0,
  "d_aae_1": 1.0,
  "d_sae_1": 1.5,
  "d_aae_2": -1.0,
  "d_sae_2": 0.0,
  "val_accuracy": 0.8135593220338984,
  "val_f1_macro": 0.5990506649322035,
  "val_f1_weighted": 0.8082381152637391,
  "val_f1_class_0": 0.6,
  "val_f1_class_1": 0.3062645011600928,
  "val_f1_class_2": 0.8908874936365179,
  "val_AAE_FPR_0": 0.0637837837830942,
  "val_AAE_FNR_0": 0.481481481303155,
  "val_AAE_FPR_1": 0.0425299890944107,
  "val_AAE_FNR_1": 0.7142857140816327,
  "val_AAE_FPR_2": 0.5322580644302809,
  "val_AAE_FNR_2": 0.1044943820212978,
  "val_SAE_FPR_0": 0.0433579335791358,
  "val_SAE_FNR_0": 0.4656616415332384,
  "val_SAE_FPR_1": 0.0429400386845534,
  "val_SAE_FNR_1": 0.6888888888506173,
  "val_SAE_FPR_2": 0.4594594594535462,
  "val_SAE_FNR_2": 0.0804828973839009,
  "val_FPR_gap_0": 0.0204258502039584,
  "val_FNR_gap_0": 0.0158198397699165,
  "val_FPR_gap_1": 0.0004100495901426,
  "val_FNR_gap_1": 0.0253968252310153,
  "val_FPR_gap_2": 0.0727986049767346,
  "val_FNR_gap_2": 0.0240114846373968,
  "val_mean_FPR_gap": 0.0312115015902785,
  "val_mean_FNR_gap": 0.0217427165461095,
  "val_AAE_mean_FPR": 0.2128572791025953,
  "val_SAE_mean_FPR": 0.1819191439057451,
  "val_AAE_mean_FNR": 0.4334205258020285,
  "val_SAE_mean_FNR": 0.4116778092559188,
  "val_mean_FPR": 0.1973882115041702,
  "val_mean_FNR": 0.4225491675289736,
  "val_abs_balance": 0.0309381351968501,
  "test_accuracy": 0.8171059709521248,
  "test_f1_macro": 0.5958544180947805,
  "test_f1_weighted": 0.8123453064684938,
  "test_f1_class_0": 0.615923009623797,
  "test_f1_class_1": 0.2768496420047732,
  "test_f1_class_2": 0.8947906026557712,
  "test_AAE_FPR_0": 0.0627027027020248,
  "test_AAE_FNR_0": 0.2962962961865569,
  "test_AAE_FPR_1": 0.0403050108928071,
  "test_AAE_FNR_1": 0.8529411762197232,
  "test_AAE_FPR_2": 0.4918032786079011,
  "test_AAE_FNR_2": 0.0987654320976569,
  "test_SAE_FPR_0": 0.0498154981547517,
  "test_SAE_FNR_0": 0.4431438127016197,
  "test_SAE_FPR_1": 0.0425367362720706,
  "test_SAE_FNR_1": 0.705555555516358,
  "test_SAE_FPR_2": 0.4331619537219388,
  "test_SAE_FNR_2": 0.0819919517098491,
  "test_FPR_gap_0": 0.012887204547273,
  "test_FNR_gap_0": 0.1468475165150627,
  "test_FPR_gap_1": 0.0022317253792634,
  "test_FNR_gap_1": 0.1473856207033652,
  "test_FPR_gap_2": 0.0586413248859623,
  "test_FNR_gap_2": 0.0167734803878078,
  "test_mean_FPR_gap": 0.0245867516041662,
  "test_mean_FNR_gap": 0.1036688725354119,
  "test_AAE_mean_FPR": 0.1982703307342443,
  "test_SAE_mean_FPR": 0.175171396049587,
  "test_AAE_mean_FNR": 0.416000968167979,
  "test_SAE_mean_FNR": 0.4102304399759422,
  "test_mean_FPR": 0.1867208633919157,
  "test_mean_FNR": 0.4131157040719606,
  "test_abs_balance": 0.0230989346846572,
  "train_elapsed_sec": 59.32,
  "val_score": 0.05397222905519772,
  "test_score": 0.06938083279492957
}