{
  "lambda_adv": 0.025,
  "adv_hidden": 256.0,
  "adv_lr": 0.0003,
  "min_f1_ratio": 0.9,
  "t_aae": 0.9,
  "t_sae": 0.7204081632653062,
  "val_accuracy": 0.8652138821630347,
  "val_f1": 0.9165973031463291,
  "val_AAE_FPR": 0.2592592592592592,
  "val_AAE_FNR": 0.1059459459459459,
  "val_AAE_TPR": 0.894054054054054,
  "val_AAE_acc": 0.8897058823529411,
  "val_AAE_pos_rate": 0.8760504201680672,
  "val_SAE_FPR": 0.2579564489112227,
  "val_SAE_FNR": 0.1116236162361623,
  "val_SAE_TPR": 0.8883763837638377,
  "val_SAE_acc": 0.8567811934900542,
  "val_SAE_pos_rate": 0.7522603978300181,
  "val_FPR_gap": 0.0013028103480364,
  "val_FNR_gap": 0.0056776702902164,
  "val_TPR_gap": 0.0056776702902163,
  "val_mean_FPR": 0.258607854085241,
  "val_mean_FNR": 0.1087847810910541,
  "val_abs_balance": 0.1498230729941868,
  "val_DIfav": 0.5003220064253878,
  "val_DIunfav": 1.1645573940214875,
  "test_accuracy": 0.8518020441097364,
  "test_f1": 0.9085173501577288,
  "test_AAE_FPR": 0.2962962962962963,
  "test_AAE_FNR": 0.1329729729729729,
  "test_AAE_TPR": 0.867027027027027,
  "test_AAE_acc": 0.8623949579831933,
  "test_AAE_pos_rate": 0.8508403361344538,
  "test_SAE_FPR": 0.3110367892976589,
  "test_SAE_FNR": 0.1079335793357933,
  "test_SAE_TPR": 0.8920664206642066,
  "test_SAE_acc": 0.8481561822125814,
  "test_SAE_pos_rate": 0.7664497469269703,
  "test_FPR_gap": 0.0147404930013625,
  "test_FNR_gap": 0.0250393936371796,
  "test_TPR_gap": 0.0250393936371795,
  "test_mean_FPR": 0.3036665427969776,
  "test_mean_FNR": 0.1204532761543831,
  "test_abs_balance": 0.1832132666425944,
  "test_DIfav": 0.6386619389887177,
  "test_DIunfav": 1.1101058203030056,
  "train_elapsed_sec": 319.5,
  "val_score": 0.08292644286801015,
  "test_score": 0.20434434907846744
}