{
  "round": [
    1,
    2,
    3,
    4,
    5,
    6,
    7,
    8,
    9,
    10,
    11,
    12,
    13,
    14,
    15,
    16,
    17,
    18,
    19,
    20,
    21,
    22,
    23,
    24,
    25,
    26,
    27,
    28,
    29,
    30,
    31,
    32,
    33,
    34,
    35,
    36,
    37,
    38,
    39,
    40,
    41,
    42,
    43,
    44,
    45,
    46,
    47,
    48,
    49,
    50,
    51,
    52,
    53,
    54,
    55,
    56,
    57,
    58,
    59,
    60,
    61,
    62,
    63,
    64,
    65,
    66,
    67,
    68,
    69,
    70,
    71,
    72,
    73,
    74,
    75,
    76,
    77,
    78,
    79,
    80,
    81,
    82,
    83,
    84,
    85,
    86,
    87,
    88,
    89,
    90,
    91,
    92,
    93,
    94,
    95,
    96,
    97,
    98,
    99,
    100
  ],
  "aae_fpr": [
    0.0,
    0.0,
    0.0,
    0.0,
    0.0,
    0.0,
    0.0,
    0.0,
    0.0,
    0.0,
    0.0,
    0.0,
    0.0,
    0.0,
    0.0,
    0.0,
    0.0,
    0.0,
    0.0,
    0.006802721088435374,
    0.02040816326530612,
    0.03741496598639456,
    0.06462585034013606,
    0.07482993197278912,
    0.10204081632653061,
    0.15306122448979592,
    0.18027210884353742,
    0.22789115646258504,
    0.2687074829931973,
    0.3299319727891156,
    0.3435374149659864,
    0.36054421768707484,
    0.391156462585034,
    0.4013605442176871,
    0.4421768707482993,
    0.4523809523809524,
    0.47278911564625853,
    0.4931972789115646,
    0.5,
    0.5136054421768708,
    0.5272108843537415,
    0.54421768707483,
    0.564625850340136,
    0.564625850340136,
    0.5748299319727891,
    0.5748299319727891,
    0.5782312925170068,
    0.5816326530612245,
    0.5918367346938775,
    0.5952380952380952,
    0.5952380952380952,
    0.6054421768707483,
    0.5918367346938775,
    0.6190476190476191,
    0.6156462585034014,
    0.6224489795918368,
    0.6258503401360545,
    0.6360544217687075,
    0.6326530612244898,
    0.6394557823129252,
    0.6394557823129252,
    0.6360544217687075,
    0.6394557823129252,
    0.6394557823129252,
    0.6394557823129252,
    0.6530612244897959,
    0.6564625850340136,
    0.6598639455782312,
    0.6530612244897959,
    0.6564625850340136,
    0.6598639455782312,
    0.6530612244897959,
    0.6666666666666666,
    0.6632653061224489,
    0.6700680272108843,
    0.6666666666666666,
    0.6768707482993197,
    0.6802721088435374,
    0.6836734693877551,
    0.7040816326530612,
    0.6972789115646258,
    0.7040816326530612,
    0.7074829931972789,
    0.7074829931972789,
    0.7040816326530612,
    0.7006802721088435,
    0.6972789115646258,
    0.6972789115646258,
    0.7006802721088435,
    0.7074829931972789,
    0.7108843537414966,
    0.7108843537414966,
    0.7108843537414966,
    0.7142857142857143,
    0.7210884353741497,
    0.7312925170068028,
    0.7278911564625851,
    0.7312925170068028,
    0.7210884353741497,
    0.717687074829932
  ],
  "aae_fnr": [
    1.0,
    1.0,
    1.0,
    1.0,
    1.0,
    1.0,
    1.0,
    1.0,
    1.0,
    1.0,
    1.0,
    1.0,
    1.0,
    1.0,
    1.0,
    1.0,
    1.0,
    1.0,
    1.0,
    0.9871794871794872,
    0.9786324786324786,
    0.9444444444444444,
    0.8888888888888888,
    0.811965811965812,
    0.7905982905982906,
    0.7136752136752137,
    0.670940170940171,
    0.6111111111111112,
    0.5769230769230769,
    0.5598290598290598,
    0.5427350427350428,
    0.5213675213675213,
    0.5042735042735043,
    0.48290598290598286,
    0.46153846153846156,
    0.4487179487179487,
    0.43162393162393164,
    0.4273504273504274,
    0.4145299145299145,
    0.3931623931623932,
    0.3803418803418803,
    0.3632478632478633,
    0.34615384615384615,
    0.32478632478632474,
    0.32478632478632474,
    0.3162393162393162,
    0.3205128205128205,
    0.3205128205128205,
    0.31196581196581197,
    0.2991452991452992,
    0.2948717948717948,
    0.2692307692307693,
    0.2564102564102564,
    0.26068376068376065,
    0.26068376068376065,
    0.2564102564102564,
    0.26068376068376065,
    0.2564102564102564,
    0.25213675213675213,
    0.25213675213675213,
    0.24786324786324787,
    0.2435897435897436,
    0.23931623931623935,
    0.2350427350427351,
    0.23931623931623935,
    0.2350427350427351,
    0.23931623931623935,
    0.23931623931623935,
    0.23931623931623935,
    0.23931623931623935,
    0.23931623931623935,
    0.23931623931623935,
    0.23931623931623935,
    0.23931623931623935,
    0.2350427350427351,
    0.23076923076923073,
    0.2350427350427351,
    0.23076923076923073,
    0.22649572649572647,
    0.22649572649572647,
    0.2222222222222222,
    0.21794871794871795,
    0.21794871794871795,
    0.2136752136752137,
    0.21794871794871795,
    0.2136752136752137,
    0.20940170940170943,
    0.20940170940170943,
    0.20940170940170943,
    0.20940170940170943,
    0.20940170940170943,
    0.20512820512820518,
    0.20940170940170943,
    0.20940170940170943,
    0.2008547008547008,
    0.2008547008547008,
    0.2008547008547008,
    0.2008547008547008,
    0.2008547008547008,
    0.2008547008547008
  ],
  "sae_fpr": [
    0.0,
    0.0,
    0.0,
    0.0,
    0.0,
    0.0,
    0.0,
    0.0,
    0.0,
    0.0,
    0.004199007507316452,
    0.03308308945158417,
    0.08079908385290749,
    0.12698816643338848,
    0.16108919709886754,
    0.18997327904313527,
    0.21783941977350807,
    0.2403613691309327,
    0.25766636976714596,
    0.27471688509988546,
    0.2868049370148874,
    0.30143784196462653,
    0.3095813716757857,
    0.31390762183483906,
    0.324087033973788,
    0.3332485048988421,
    0.3363023285405268,
    0.3419010052169487,
    0.3473724392416338,
    0.35258938796284517,
    0.3551342409975824,
    0.3576790940323196,
    0.36035118971879376,
    0.3706578445094796,
    0.37447512406158545,
    0.3762565211859015,
    0.3762565211859015,
    0.3754930652754803,
    0.37371166815116424,
    0.37791067565848074,
    0.37676549179284896,
    0.3762565211859015,
    0.37880137422063875,
    0.3807100139966917,
    0.3772744623997964,
    0.3803282860414811,
    0.381346227255376,
    0.3809644993001654,
    0.38223692581753405,
    0.3830003817279552,
    0.3844000508970607,
    0.38223692581753405,
    0.38363659498663955,
    0.3847817788522713,
    0.3832548670314289,
    0.3835093523349027,
    0.38490902150400813,
    0.38045552869321797,
    0.3812189846036391,
    0.3846545362005344,
    0.385036264155745,
    0.38656317597658735,
    0.3884718157526403,
    0.3912711540908513,
    0.38821733044916656,
    0.3894897569665352,
    0.39088942613564065,
    0.3869449039317979,
    0.38541799211095557,
    0.3870721465835348,
    0.3889807863595877,
    0.3898714849217458,
    0.38961699961827206,
    0.391525639394325,
    0.39228909530474615,
    0.3926708232599567,
    0.3947067056877465,
    0.3948339483394834,
    0.3958518895533783,
    0.3983967425881155,
    0.399796411757221,
    0.3999236544089579,
    0.40106883827458967,
    0.4013233235780634,
    0.40208677948848454,
    0.40539508843364297,
    0.40717648555795904,
    0.409085125334012,
    0.40844891207532763,
    0.409085125334012,
    0.40717648555795904,
    0.40743097086143276,
    0.40717648555795904,
    0.406285786995801,
    0.4079399414683802,
    0.409085125334012,
    0.4070492429062222,
    0.4061585443440641,
    0.4052678457819061,
    0.40603130169232726
  ],