{
  "lambda_adv": 0.4,
  "adv_c": 10.0,
  "val_accuracy": 0.8630904723779024,
  "val_f1": 0.8587943848059455,
  "val_AAE_FPR": 0.1481481481481481,
  "val_AAE_FNR": 0.0967741935483871,
  "val_AAE_TPR": 0.9032258064516128,
  "val_AAE_acc": 0.8967136150234741,
  "val_AAE_pos_rate": 0.8075117370892019,
  "val_SAE_FPR": 0.1038525963149078,
  "val_SAE_FNR": 0.1981776765375854,
  "val_SAE_TPR": 0.8018223234624146,
  "val_SAE_acc": 0.8561776061776062,
  "val_SAE_pos_rate": 0.3996138996138996,
  "val_FPR_gap": 0.0442955518332402,
  "val_FNR_gap": 0.1014034829891983,
  "val_TPR_gap": 0.1014034829891983,
  "val_mean_FPR": 0.126000372231528,
  "val_mean_FNR": 0.1474759350429862,
  "val_abs_balance": 0.0214755628114582,
  "val_DIfav": 0.32060745507089,
  "val_DIunfav": 2.0207298035981944,
  "test_accuracy": 0.8286629303442754,
  "test_f1": 0.8260162601626017,
  "test_AAE_FPR": 0.4814814814814814,
  "test_AAE_FNR": 0.1129032258064516,
  "test_AAE_TPR": 0.8870967741935484,
  "test_AAE_acc": 0.8403755868544601,
  "test_AAE_pos_rate": 0.8356807511737089,
  "test_SAE_FPR": 0.1421404682274247,
  "test_SAE_FNR": 0.2168949771689497,
  "test_SAE_TPR": 0.7831050228310502,
  "test_SAE_acc": 0.8262548262548263,
  "test_SAE_pos_rate": 0.4131274131274131,
  "test_FPR_gap": 0.3393410132540567,
  "test_FNR_gap": 0.1039917513624981,
  "test_TPR_gap": 0.1039917513624981,
  "test_mean_FPR": 0.3118109748544531,
  "test_mean_FNR": 0.1648991014877006,
  "test_abs_balance": 0.1469118733667524,
  "test_DIfav": 0.2799913468475777,
  "test_DIunfav": 2.0228159749055816,
  "elapsed_sec": 306.43,
  "test_score": 0.42328658787540857,
  "val_score": -0.1460715538330033
}