{
  "round": [
    1,
    2,
    3,
    4,
    5,
    6,
    7,
    8,
    9,
    10,
    11,
    12,
    13,
    14,
    15,
    16,
    17,
    18,
    19,
    20,
    21,
    22,
    23,
    24,
    25,
    26,
    27,
    28,
    29,
    30,
    31,
    32,
    33,
    34,
    35,
    36,
    37,
    38,
    39,
    40,
    41,
    42,
    43,
    44,
    45,
    46,
    47,
    48,
    49,
    50,
    51,
    52,
    53,
    54,
    55,
    56,
    57,
    58,
    59,
    60,
    61,
    62,
    63,
    64,
    65,
    66,
    67,
    68,
    69,
    70,
    71,
    72,
    73,
    74,
    75,
    76,
    77,
    78,
    79,
    80,
    81,
    82,
    83,
    84,
    85,
    86,
    87,
    88,
    89,
    90,
    91,
    92,
    93,
    94,
    95,
    96,
    97,
    98,
    99,
    100
  ],
  "aae_fpr": [
    0.7993197278911565,
    0.7857142857142857,
    0.7891156462585034,
    0.7687074829931972,
    0.7551020408163265,
    0.7551020408163265,
    0.7517006802721088,
    0.7448979591836735,
    0.7380952380952381,
    0.7278911564625851,
    0.7312925170068028,
    0.7414965986394558,
    0.7482993197278912,
    0.7482993197278912,
    0.7585034013605442,
    0.7517006802721088,
    0.7551020408163265,
    0.7653061224489796,
    0.7619047619047619,
    0.7585034013605442,
    0.7653061224489796,
    0.7619047619047619,
    0.7619047619047619,
    0.7687074829931972,
    0.7755102040816326,
    0.7687074829931972,
    0.7687074829931972,
    0.7721088435374149,
    0.7687074829931972,
    0.7721088435374149,
    0.7721088435374149,
    0.7755102040816326,
    0.782312925170068,
    0.7789115646258503,
    0.7789115646258503,
    0.7857142857142857,
    0.782312925170068,
    0.782312925170068,
    0.7857142857142857,
    0.7857142857142857,
    0.7755102040816326,
    0.7755102040816326,
    0.7891156462585034,
    0.7891156462585034,
    0.782312925170068,
    0.7891156462585034,
    0.7925170068027211,
    0.7857142857142857,
    0.7925170068027211,
    0.7993197278911565,
    0.8027210884353742,
    0.7959183673469388,
    0.7959183673469388,
    0.7959183673469388,
    0.7959183673469388,
    0.7959183673469388,
    0.7959183673469388,
    0.7959183673469388,
    0.7959183673469388,
    0.7959183673469388,
    0.7959183673469388,
    0.7959183673469388,
    0.7959183673469388,
    0.7925170068027211,
    0.7959183673469388,
    0.7959183673469388,
    0.7959183673469388,
    0.7959183673469388,
    0.7959183673469388,
    0.7959183673469388,
    0.7959183673469388,
    0.7959183673469388,
    0.7959183673469388,
    0.7959183673469388,
    0.7925170068027211,
    0.7857142857142857,
    0.7891156462585034,
    0.7959183673469388,
    0.7993197278911565,
    0.7993197278911565,
    0.7993197278911565,
    0.8027210884353742,
    0.7993197278911565,
    0.8061224489795918,
    0.7993197278911565,
    0.7993197278911565,
    0.7959183673469388,
    0.7993197278911565,
    0.7993197278911565,
    0.8027210884353742,
    0.8027210884353742,
    0.7959183673469388,
    0.8027210884353742,
    0.7993197278911565,
    0.8027210884353742,
    0.8027210884353742,
    0.7993197278911565,
    0.8027210884353742,
    0.8027210884353742,
    0.8027210884353742
  ],
  "aae_fnr": [
    0.2008547008547008,
    0.16239316239316237,
    0.17948717948717952,
    0.18376068376068377,
    0.18376068376068377,
    0.17948717948717952,
    0.18803418803418803,
    0.18376068376068377,
    0.18803418803418803,
    0.2008547008547008,
    0.2008547008547008,
    0.19658119658119655,
    0.20512820512820518,
    0.1923076923076923,
    0.20512820512820518,
    0.19658119658119655,
    0.1923076923076923,
    0.18803418803418803,
    0.18803418803418803,
    0.1923076923076923,
    0.19658119658119655,
    0.19658119658119655,
    0.18376068376068377,
    0.18376068376068377,
    0.1709401709401709,
    0.17521367521367526,
    0.17948717948717952,
    0.1709401709401709,
    0.16666666666666663,
    0.16666666666666663,
    0.1581196581196581,
    0.16666666666666663,
    0.17948717948717952,
    0.1581196581196581,
    0.15384615384615385,
    0.14529914529914534,
    0.1495726495726496,
    0.1495726495726496,
    0.14529914529914534,
    0.1495726495726496,
    0.14529914529914534,
    0.1495726495726496,
    0.14529914529914534,
    0.1495726495726496,
    0.14529914529914534,
    0.1495726495726496,
    0.1367521367521367,
    0.13247863247863245,
    0.1282051282051282,
    0.1367521367521367,
    0.1367521367521367,
    0.13247863247863245,
    0.13247863247863245,
    0.1282051282051282,
    0.13247863247863245,
    0.13247863247863245,
    0.1282051282051282,
    0.13247863247863245,
    0.1367521367521367,
    0.1282051282051282,
    0.12393162393162394,
    0.12393162393162394,
    0.1282051282051282,
    0.12393162393162394,
    0.11965811965811968,
    0.1282051282051282,
    0.12393162393162394,
    0.11965811965811968,
    0.11965811965811968,
    0.12393162393162394,
    0.11965811965811968,
    0.1282051282051282,
    0.1282051282051282,
    0.1282051282051282,
    0.13247863247863245,
    0.13247863247863245,
    0.1282051282051282,
    0.13247863247863245,
    0.1282051282051282,
    0.1282051282051282,
    0.12393162393162394,
    0.1282051282051282,
    0.12393162393162394,
    0.12393162393162394,
    0.12393162393162394,
    0.12393162393162394,
    0.12393162393162394,
    0.12393162393162394,
    0.12393162393162394,
    0.11965811965811968,
    0.11965811965811968,
    0.12393162393162394,
    0.1282051282051282,
    0.11965811965811968,
    0.11538461538461542,
    0.11965811965811968,
    0.12393162393162394,
    0.12393162393162394,
    0.11965811965811968,
    0.12393162393162394
  ],