{
  "lambda_adv": 1.0,
  "adv_c": 0.1,
  "min_f1_ratio": 0.97,
  "t_aae": 0.7367346938775511,
  "t_sae": 0.5081632653061224,
  "val_accuracy": 0.8326661329063251,
  "val_f1": 0.822429906542056,
  "val_AAE_FPR": 0.1111111111111111,
  "val_AAE_FNR": 0.2365591397849462,
  "val_AAE_TPR": 0.7634408602150538,
  "val_AAE_acc": 0.7793427230046949,
  "val_AAE_pos_rate": 0.6807511737089202,
  "val_SAE_FPR": 0.1088777219430485,
  "val_SAE_FNR": 0.2209567198177676,
  "val_SAE_TPR": 0.7790432801822323,
  "val_SAE_acc": 0.8436293436293436,
  "val_SAE_pos_rate": 0.3928571428571428,
  "val_FPR_gap": 0.0022333891680625,
  "val_FNR_gap": 0.0156024199671785,
  "val_TPR_gap": 0.0156024199671785,
  "val_mean_FPR": 0.1099944165270798,
  "val_mean_FNR": 0.2287579298013569,
  "val_abs_balance": 0.1187635132742771,
  "val_DIfav": 0.5258215875835404,
  "val_DIunfav": 1.732821125332714,
  "test_accuracy": 0.8230584467574059,
  "test_f1": 0.819000819000819,
  "test_AAE_FPR": 0.1481481481481481,
  "test_AAE_FNR": 0.2096774193548387,
  "test_AAE_TPR": 0.7903225806451613,
  "test_AAE_acc": 0.7981220657276995,
  "test_AAE_pos_rate": 0.7089201877934272,
  "test_SAE_FPR": 0.1555183946488294,
  "test_SAE_FNR": 0.1940639269406392,
  "test_SAE_TPR": 0.8059360730593608,
  "test_SAE_acc": 0.8281853281853282,
  "test_SAE_pos_rate": 0.4305019305019305,
  "test_FPR_gap": 0.0073702465006812,
  "test_FNR_gap": 0.0156134924141994,
  "test_TPR_gap": 0.0156134924141995,
  "test_mean_FPR": 0.1518332713984888,
  "test_mean_FNR": 0.201870673147739,
  "test_abs_balance": 0.0500374017492502,
  "test_DIfav": 0.5111164070353277,
  "test_DIunfav": 1.646729366578194,
  "train_elapsed_sec": 26.84,
  "val_score": -0.11854191063851077,
  "test_score": -0.12022123119598582
}