Model,Accuracy,F1,FPR_AAE,FNR_AAE,FPR_SAE,FNR_SAE,FPR_Gap,FNR_Gap
XGBoost,0.5499202747454924,0.48042477876106193,0.8401360543931926,0.09401709401307619,0.29672986384998506,0.5983078671541883,0.5434061905432075,0.504290773141112
XGBoost,0.5516374340733472,0.48182011482032744,0.8367346938490906,0.09401709401307619,0.29405776816351437,0.5975501957310297,0.5426769256855762,0.5035331017179535
XGBoost,0.550594873052864,0.47431850789096125,0.8231292516726827,0.09829059828639783,0.28489629723847193,0.6091678242194606,0.5382329544342108,0.5108772259330627
XGBoost,0.5500429289831964,0.47227217147378264,0.8163265305844787,0.11111111110636276,0.28336938541763157,0.611693395629989,0.5329571451668471,0.5005822845236263
