{
  "train_tox_loss": [
    0.6252455119833578,
    0.5769274701183335,
    0.5389116050292477,
    0.5099327644293652,
    0.48535355647506534,
    0.4640100934516379,
    0.4453428968516507,
    0.429632115903616,
    0.41575181593736904,
    0.4031486201668156,
    0.39173340890129543,
    0.3816183286859615,
    0.3721747783972298,
    0.36363545569917305,
    0.35574512272406733,
    0.3475467791550488,
    0.3398304703956448,
    0.3325590648707852,
    0.3257092996598809,
    0.31916102786833805,
    0.3137142848913502,
    0.30787418831008034,
    0.30236720410274887,
    0.297127098894588,
    0.29274290274499654,
    0.28791641925775796,
    0.2833899952465571,
    0.27889070128590643,
    0.2745580691136196,
    0.27010379478084395,
    0.2658621047094665,
    0.2623104856912883,
    0.25881951333876424,
    0.2553420176579615,
    0.2522528452436158,
    0.24901532442443672,
    0.24546620971503727,
    0.24272345830013708,
    0.2398708652732596,
    0.23656659328559662,
    0.23325629031132286,
    0.2307192760033631,
    0.22770052938202595,
    0.2249729748429666,
    0.22198864791847212,
    0.2203992166999917,
    0.21785538335301677,
    0.21538493319202648,
    0.21256280151989398,
    0.2104292765819204
  ],
  "val_tox_loss": [
    0.6301545784719077,
    0.5875885369854497,
    0.5580046587261522,
    0.5389300181979436,
    0.520289100001705,
    0.5056911019783924,
    0.49222122714495087,
    0.4814015704630542,
    0.47032073584125555,
    0.46397036728608276,
    0.4569070139937065,
    0.45248510974612216,
    0.4459852476417171,
    0.44049948087399854,
    0.43563343634574425,
    0.43031151949889446,
    0.4276940372310132,
    0.42316501959675595,
    0.4180541694713529,
    0.4137918301600304,
    0.4114475010071776,
    0.4097930144336978,
    0.4058154508077276,
    0.4037456908143612,
    0.40116874373210987,
    0.39860631418990794,
    0.39709361419559724,
    0.39506419596381537,
    0.3927954389929205,
    0.39017343929001425,
    0.38837931731269865,
    0.38620740392505204,
    0.38552683126750453,
    0.38493656978016627,
    0.3833339772821565,
    0.3826654162018129,
    0.3802043092174996,
    0.3792329881605814,
    0.37850973016282097,
    0.3770139067433162,
    0.37538298605827003,
    0.3745473889066831,
    0.3733544517967975,
    0.372200685087487,
    0.37100362737550285,
    0.3708322075165268,
    0.36999126369678187,
    0.36958428744353866,
    0.3688307374875324,
    0.3680703203949512
  ],
  "train_adv_loss": [
    0.7301980066597927,
    0.6884083427879654,
    0.6509126352924134,
    0.6178291692055817,
    0.5892024919309614,
    0.5647866146739281,
    0.5443670496530697,
    0.5276881097512985,
    0.5140790491212623,
    0.5032222133624729,
    0.49442261073786165,
    0.4867905521306299,
    0.47971083637460366,
    0.472943734952489,
    0.4661794312156533,
    0.4595447172252777,
    0.4529279239480126,
    0.446410724480712,
    0.44007391772637083,
    0.43387001566602645,
    0.4278082809031585,
    0.4219618410494435,
    0.41638827511960325,
    0.4111200833559275,
    0.4062152473987081,
    0.4016793208242109,
    0.39752992611377636,
    0.393754535012614,
    0.3904332422008956,
    0.3876100323613545,
    0.38544957242060673,
    0.3837423075825852,
    0.38243682339179397,
    0.38154770015970174,
    0.38067308032131303,
    0.379811766997155,
    0.37930923215805185,
    0.3787218437193738,
    0.3780675583369984,
    0.37787870027234816,
    0.37732217219764386,
    0.37716572227827094,
    0.3767169397254885,
    0.37653660051456844,
    0.3762067076489676,
    0.37605054567760465,
    0.375750838070775,
    0.3757091322968451,
    0.37567685802637324,
    0.3756259708226831
  ],
  "val_adv_loss": [
    0.7299504203595385,
    0.6881258965025864,
    0.6506095669603974,
    0.6174965107969372,
    0.5889272159493444,
    0.5644994118012929,
    0.5439541270931647,
    0.5271700915561943,
    0.5133821247542464,
    0.5022934028159913,
    0.4933705179350919,
    0.4856714623892887,
    0.4786093593049278,
    0.47182681676611593,
    0.4652134178714519,
    0.45865885080294533,
    0.4522142955883728,
    0.4458679083896804,
    0.4397059653526195,
    0.43365685732725184,
    0.4277165310052943,
    0.42193430058771136,
    0.4164368747008641,
    0.4112425183472769,
    0.40629556773586134,
    0.4016533195269503,
    0.39731945083483805,
    0.39337308170991336,
    0.38981042882547595,
    0.38694570800507705,
    0.3847535086625338,
    0.3826907637021525,
    0.3815684852788813,
    0.38077498725700487,
    0.3801808881703121,
    0.37976441945094636,
    0.3795420285804904,
    0.37973378254150403,
    0.3795486267626486,
    0.38015821408231043,
    0.38062369684121977,
    0.3814166663476623,
    0.38184544513659563,
    0.38268171713617716,
    0.38368381328197987,
    0.3845950154894638,
    0.38552095096287725,
    0.3869925797559836,
    0.3880101898041543,
    0.388519939491
  ],
  "val_acc": [
    0.7173738991192954,
    0.7598078462770216,
    0.7686148919135308,
    0.7798238590872698,
    0.7878302642113691,
    0.7918334667734187,
    0.7990392313851081,
    0.800640512409928,
    0.8078462770216173,
    0.8086469175340272,
    0.8150520416333067,
    0.8150520416333067,
    0.8198558847077662,
    0.8134507606084868,
    0.8214571657325861,
    0.8246597277822257,
    0.822257806244996,
    0.8214571657325861,
    0.8214571657325861,
    0.8230584467574059,
    0.8246597277822257,
    0.8238590872698158,
    0.8286629303442754,
    0.8310648518815053,
    0.8302642113690952,
    0.8326661329063251,
    0.8350680544435548,
    0.8326661329063251,
    0.8350680544435548,
    0.8358686949559647,
    0.8342674139311449,
    0.8358686949559647,
    0.8366693354683747,
    0.8326661329063251,
    0.8366693354683747,
    0.8350680544435548,
    0.8350680544435548,
    0.8350680544435548,
    0.8318654923939152,
    0.8358686949559647,
    0.833466773418735,
    0.8358686949559647,
    0.8366693354683747,
    0.8398718975180144,
    0.8398718975180144,
    0.8398718975180144,
    0.8406725380304243,
    0.8414731785428343,
    0.8406725380304243,
    0.8438751000800641
  ],
  "val_f1": [
    0.6995744680851064,
    0.7540983606557377,
    0.7667473769168685,
    0.7791164658634538,
    0.7864625302175665,
    0.7909967845659164,
    0.7980691874497184,
    0.8009592326139089,
    0.8067632850241546,
    0.8064777327935223,
    0.8132578819725141,
    0.8129554655870446,
    0.8169243287225386,
    0.8094848732624693,
    0.8173628173628174,
    0.820932134096484,
    0.8186274509803921,
    0.8176614881439084,
    0.8179591836734694,
    0.8192968111201963,
    0.8215158924205379,
    0.8199672667757774,
    0.8254486133768353,
    0.8271908271908271,
    0.826797385620915,
    0.8285479901558654,
    0.8305921052631579,
    0.8291087489779232,
    0.8311475409836065,
    0.8315529991783073,
    0.8290668868703551,
    0.830997526793075,
    0.8325123152709359,
    0.828266228430567,
    0.8322368421052632,
    0.8311475409836065,
    0.8316993464052288,
    0.831973898858075,
    0.8281505728314239,
    0.8326530612244898,
    0.8297872340425532,
    0.8331977217249796,
    0.8327868852459016,
    0.8355263157894737,
    0.8360655737704918,
    0.8360655737704918,
    0.8364831552999178,
    0.8379705400981997,
    0.8370188370188371,
    0.8402948402948403
  ],