{
  "best_config": {
    "lambda_adv": 1.5,
    "adv_c": 0.5,
    "min_f1_ratio": 0.85,
    "t_aae": 0.9,
    "t_sae": 0.8183673469387756
  },
  "in_domain_test_with_tuned_thresholds": {
    "accuracy": 0.8257127487896718,
    "f1": 0.8880442294402211,
    "AAE_FPR": 0.18518518518518517,
    "AAE_FNR": 0.19675675675675675,
    "AAE_TPR": 0.8032432432432433,
    "AAE_acc": 0.8035714285714286,
    "AAE_pos_rate": 0.7857142857142857,
    "SAE_FPR": 0.20066889632107024,
    "SAE_FNR": 0.1572878228782288,
    "SAE_TPR": 0.8427121771217713,
    "SAE_acc": 0.8333333333333334,
    "SAE_pos_rate": 0.7039045553145337,
    "FPR_gap": 0.015483711135885064,
    "FNR_gap": 0.039468933878527956,
    "TPR_gap": 0.03946893387852801,
    "mean_FPR": 0.19292704075312772,
    "mean_FNR": 0.17702228981749277,
    "abs_balance": 0.015904750935634954,
    "DIfav": 0.7237048421204029,
    "DIunfav": 1.1162227444329702
  },
  "out_of_domain_test_with_tuned_thresholds": {
    "accuracy": 0.5475898442291182,
    "f1": 0.5311129473082057,
    "AAE_FPR": 0.717687074829932,
    "AAE_FNR": 0.20085470085470086,
    "AAE_TPR": 0.7991452991452992,
    "AAE_acc": 0.5113636363636364,
    "AAE_pos_rate": 0.7537878787878788,
    "SAE_FPR": 0.40603130169232726,
    "SAE_FNR": 0.4960222250284127,
    "SAE_TPR": 0.5039777749715874,
    "SAE_acc": 0.5488021295474712,
    "SAE_pos_rate": 0.4551907719609583,
    "FPR_gap": 0.31165577313760473,
    "FNR_gap": 0.29516752417371184,
    "TPR_gap": 0.29516752417371184,
    "mean_FPR": 0.5618591882611297,
    "mean_FNR": 0.3484384629415568,
    "abs_balance": 0.2134207253195729,
    "DIfav": 0.45192354318058997,
    "DIunfav": 1.6559823016199198
  },
  "in_domain_test_threshold_0.5": {
    "accuracy": 0.8859601936525013,
    "f1": 0.9340590979782271,
    "AAE_FPR": 0.7777777777777778,
    "AAE_FNR": 0.008648648648648649,
    "AAE_TPR": 0.9913513513513513,
    "AAE_acc": 0.9695378151260504,
    "AAE_pos_rate": 0.9852941176470589,
    "SAE_FPR": 0.5234113712374582,
    "SAE_FNR": 0.03782287822878229,
    "SAE_TPR": 0.9621771217712177,
    "SAE_acc": 0.8571945046999276,
    "SAE_pos_rate": 0.8673174258857556,
    "FPR_gap": 0.2543664065403196,
    "FNR_gap": 0.02917422958013364,
    "TPR_gap": 0.029174229580133604,
    "mean_FPR": 0.650594574507618,
    "mean_FNR": 0.02323576343871547,
    "abs_balance": 0.6273588110689026,
    "DIfav": 0.11083506136931155,
    "DIunfav": 1.1360248011627005
  },
  "out_of_domain_test_threshold_0.5": {
    "accuracy": 0.5388200662332884,
    "f1": 0.6444108189899754,
    "AAE_FPR": 0.9761904761904762,
    "AAE_FNR": 0.008547008547008548,
    "AAE_TPR": 0.9914529914529915,
    "AAE_acc": 0.45265151515151514,
    "AAE_pos_rate": 0.9829545454545454,
    "SAE_FPR": 0.7499681893370658,
    "SAE_FNR": 0.16883444879403964,
    "SAE_TPR": 0.8311655512059604,
    "SAE_acc": 0.5417036379769299,
    "SAE_pos_rate": 0.7907212574470782,
    "FPR_gap": 0.2262222868534104,
    "FNR_gap": 0.1602874402470311,
    "TPR_gap": 0.16028744024703112,
    "mean_FPR": 0.8630793327637709,
    "mean_FNR": 0.08869072867052409,
    "abs_balance": 0.7743886040932468,
    "DIfav": 0.08144856722205558,
    "DIunfav": 1.2431113034661523
  }
}