{
  "lambda_adv": 1.5,
  "adv_c": 0.5,
  "min_f1_ratio": 0.85,
  "t_aae": 0.9,
  "t_sae": 0.8183673469387756,
  "val_accuracy": 0.8305084745762712,
  "val_f1": 0.8911541119557705,
  "val_AAE_FPR": 0.1851851851851851,
  "val_AAE_FNR": 0.161081081081081,
  "val_AAE_TPR": 0.8389189189189189,
  "val_AAE_acc": 0.8382352941176471,
  "val_AAE_pos_rate": 0.8203781512605042,
  "val_SAE_FPR": 0.185929648241206,
  "val_SAE_FNR": 0.1683579335793358,
  "val_SAE_TPR": 0.8316420664206642,
  "val_SAE_acc": 0.8278481012658228,
  "val_SAE_pos_rate": 0.6922242314647378,
  "val_FPR_gap": 0.0007444630560208,
  "val_FNR_gap": 0.0072768524982547,
  "val_TPR_gap": 0.0072768524982547,
  "val_mean_FPR": 0.1855574167131956,
  "val_mean_FNR": 0.1647195073302084,
  "val_abs_balance": 0.0208379093829871,
  "val_DIfav": 0.5836126858141188,
  "val_DIunfav": 1.1851335190524306,
  "test_accuracy": 0.8257127487896718,
  "test_f1": 0.8880442294402211,
  "test_AAE_FPR": 0.1851851851851851,
  "test_AAE_FNR": 0.1967567567567567,
  "test_AAE_TPR": 0.8032432432432433,
  "test_AAE_acc": 0.8035714285714286,
  "test_AAE_pos_rate": 0.7857142857142857,
  "test_SAE_FPR": 0.2006688963210702,
  "test_SAE_FNR": 0.1572878228782288,
  "test_SAE_TPR": 0.8427121771217713,
  "test_SAE_acc": 0.8333333333333334,
  "test_SAE_pos_rate": 0.7039045553145337,
  "test_FPR_gap": 0.015483711135885,
  "test_FNR_gap": 0.0394689338785279,
  "test_TPR_gap": 0.039468933878528,
  "test_mean_FPR": 0.1929270407531277,
  "test_mean_FNR": 0.1770222898174927,
  "test_abs_balance": 0.0159047509356349,
  "test_DIfav": 0.7237048421204029,
  "test_DIunfav": 1.1162227444329702,
  "train_elapsed_sec": 60.27,
  "val_score": -0.14239236374796704,
  "test_score": -0.11125048014757766
}