{
  "lambda_adv": 0.05,
  "adv_c": 0.5,
  "min_f1_ratio": 0.85,
  "t_aae": 0.7857142857142857,
  "t_sae": 0.4918367346938775,
  "val_accuracy": 0.8382706164931946,
  "val_f1": 0.8296795952782462,
  "val_AAE_FPR": 0.1111111111111111,
  "val_AAE_FNR": 0.2311827956989247,
  "val_AAE_TPR": 0.7688172043010753,
  "val_AAE_acc": 0.784037558685446,
  "val_AAE_pos_rate": 0.6854460093896714,
  "val_SAE_FPR": 0.1105527638190954,
  "val_SAE_FNR": 0.20501138952164,
  "val_SAE_TPR": 0.7949886104783599,
  "val_SAE_acc": 0.8494208494208494,
  "val_SAE_pos_rate": 0.4005791505791505,
  "val_FPR_gap": 0.0005583472920156,
  "val_FNR_gap": 0.0261714061772846,
  "val_TPR_gap": 0.0261714061772846,
  "val_mean_FPR": 0.1108319374651033,
  "val_mean_FNR": 0.2180970926102824,
  "val_abs_balance": 0.1072651551451791,
  "val_DIfav": 0.5247631704279452,
  "val_DIunfav": 1.7111374650610012,
  "test_accuracy": 0.8182546036829463,
  "test_f1": 0.8137817883511075,
  "test_AAE_FPR": 0.1481481481481481,
  "test_AAE_FNR": 0.2096774193548387,
  "test_AAE_TPR": 0.7903225806451613,
  "test_AAE_acc": 0.7981220657276995,
  "test_AAE_pos_rate": 0.7089201877934272,
  "test_SAE_FPR": 0.1588628762541806,
  "test_SAE_FNR": 0.2031963470319634,
  "test_SAE_TPR": 0.7968036529680366,
  "test_SAE_acc": 0.8223938223938224,
  "test_SAE_pos_rate": 0.4285714285714285,
  "test_FPR_gap": 0.0107147281060324,
  "test_FNR_gap": 0.0064810723228752,
  "test_TPR_gap": 0.0064810723228753,
  "test_mean_FPR": 0.1535055122011643,
  "test_mean_FNR": 0.2064368831934011,
  "test_abs_balance": 0.0529313709922367,
  "test_DIfav": 0.5093896624471832,
  "test_DIunfav": 1.6541470662545654,
  "train_elapsed_sec": 154.98,
  "val_score": -0.12796185956163897,
  "test_score": -0.1151033546671168
}