lambda_adv,adv_c,val_acc,val_f1,val_FPR_gap,val_FNR_gap,val_DIfav,val_DIunfav
0.0,2.0,0.8606885508406725,0.8569078947368421,0.1150195420747117,0.1144340754893182,0.28979458665423846,2.0627410537721658
