Model,Accuracy,F1,FPR_AAE,FNR_AAE,FPR_SAE,FNR_SAE,FPR_Gap,FNR_Gap
2.25,0.5459183673469388,0.611353711790393,0.8401360543931926,0.07823129251434587,0.2959183673318409,0.596938775479748,0.5442176870613518,0.5187074829654021
2.5,0.536734693877551,0.6024518388791593,0.8367346938490906,0.07482993197024387,0.31632653059610577,0.6326530611922115,0.5204081632529849,0.5578231292219676
5.75,0.5540816326530612,0.6142983230361871,0.8231292516726827,0.09523809523485584,0.2704081632515098,0.5816326530315493,0.5527210884211728,0.4863945577966935
6.75,0.5561224489795918,0.6153846153846154,0.8163265305844787,0.09183673469075385,0.2704081632515098,0.5867346938476156,0.5459183673329688,0.49489795915686174
