{
  "lambda_adv": 0.1,
  "adv_c": 0.1,
  "min_f1_ratio": 0.99,
  "t_aae": 0.6061224489795919,
  "t_sae": 0.4265306122448979,
  "val_accuracy": 0.8510808646917534,
  "val_f1": 0.8502415458937198,
  "val_AAE_FPR": 0.1481481481481481,
  "val_AAE_FNR": 0.1451612903225806,
  "val_AAE_TPR": 0.8548387096774194,
  "val_AAE_acc": 0.8544600938967136,
  "val_AAE_pos_rate": 0.7652582159624414,
  "val_SAE_FPR": 0.1423785594639866,
  "val_SAE_FNR": 0.1594533029612756,
  "val_SAE_TPR": 0.8405466970387244,
  "val_SAE_acc": 0.8503861003861004,
  "val_SAE_pos_rate": 0.4382239382239382,
  "val_FPR_gap": 0.0057695886841615,
  "val_FNR_gap": 0.0142920126386949,
  "val_TPR_gap": 0.0142920126386949,
  "val_mean_FPR": 0.1452633538060673,
  "val_mean_FNR": 0.1523072966419281,
  "val_abs_balance": 0.0070439428358607,
  "val_DIfav": 0.417856501604669,
  "val_DIunfav": 1.7462720124354871,
  "test_accuracy": 0.8254603682946358,
  "test_f1": 0.829153605015674,
  "test_AAE_FPR": 0.2222222222222222,
  "test_AAE_FNR": 0.1290322580645161,
  "test_AAE_TPR": 0.8709677419354839,
  "test_AAE_acc": 0.8591549295774648,
  "test_AAE_pos_rate": 0.7887323943661971,
  "test_SAE_FPR": 0.1956521739130435,
  "test_SAE_FNR": 0.1621004566210045,
  "test_SAE_TPR": 0.8378995433789954,
  "test_SAE_acc": 0.8185328185328186,
  "test_SAE_pos_rate": 0.4671814671814672,
  "test_FPR_gap": 0.0265700483091787,
  "test_FNR_gap": 0.0330681985564884,
  "test_TPR_gap": 0.0330681985564884,
  "test_mean_FPR": 0.2089371980676328,
  "test_mean_FNR": 0.1455663573427603,
  "test_abs_balance": 0.0633708407248724,
  "test_DIfav": 0.3965094842912708,
  "test_DIunfav": 1.6882783947785456,
  "train_elapsed_sec": 41.83,
  "val_score": -0.19015099874047003,
  "test_score": -0.00798104124868182
}