{
  "t_aae": 0.3448979591836735,
  "t_sae": 0.2306122448979592,
  "use_threshold_tuning": true
}