{
  "round": [
    1,
    2,
    3,
    4,
    5,
    6,
    7,
    8,
    9,
    10,
    11,
    12,
    13,
    14,
    15,
    16,
    17,
    18,
    19,
    20,
    21,
    22,
    23,
    24,
    25,
    26,
    27,
    28,
    29,
    30,
    31,
    32,
    33,
    34,
    35,
    36,
    37,
    38,
    39,
    40,
    41,
    42,
    43,
    44,
    45,
    46,
    47,
    48,
    49,
    50,
    51,
    52,
    53,
    54,
    55,
    56,
    57,
    58,
    59,
    60,
    61,
    62,
    63,
    64,
    65,
    66,
    67,
    68,
    69,
    70,
    71,
    72,
    73,
    74,
    75,
    76,
    77,
    78,
    79,
    80,
    81,
    82,
    83,
    84,
    85,
    86,
    87,
    88,
    89,
    90,
    91,
    92,
    93,
    94,
    95,
    96,
    97,
    98,
    99,
    100
  ],
  "aae_fpr": [
    0.6666666666666666,
    0.6296296296296297,
    0.5925925925925926,
    0.5555555555555556,
    0.5185185185185185,
    0.5185185185185185,
    0.4444444444444444,
    0.4074074074074074,
    0.4074074074074074,
    0.4074074074074074,
    0.4074074074074074,
    0.3333333333333333,
    0.25925925925925924,
    0.25925925925925924,
    0.25925925925925924,
    0.2962962962962963,
    0.25925925925925924,
    0.2962962962962963,
    0.2962962962962963,
    0.2962962962962963,
    0.2962962962962963,
    0.2962962962962963,
    0.2962962962962963,
    0.2962962962962963,
    0.3333333333333333,
    0.3333333333333333,
    0.3333333333333333,
    0.3333333333333333,
    0.3333333333333333,
    0.3333333333333333,
    0.3333333333333333,
    0.3333333333333333,
    0.3333333333333333,
    0.3333333333333333,
    0.3333333333333333,
    0.2962962962962963,
    0.2962962962962963,
    0.2962962962962963,
    0.2962962962962963,
    0.2962962962962963,
    0.2962962962962963,
    0.2962962962962963,
    0.2962962962962963,
    0.2962962962962963,
    0.2962962962962963,
    0.2962962962962963,
    0.2962962962962963,
    0.3333333333333333,
    0.3333333333333333,
    0.3333333333333333,
    0.3333333333333333,
    0.3333333333333333,
    0.3333333333333333,
    0.3333333333333333,
    0.3333333333333333,
    0.37037037037037035,
    0.37037037037037035,
    0.37037037037037035,
    0.37037037037037035,
    0.37037037037037035,
    0.37037037037037035,
    0.37037037037037035,
    0.37037037037037035,
    0.3333333333333333,
    0.3333333333333333,
    0.3333333333333333,
    0.3333333333333333,
    0.3333333333333333,
    0.3333333333333333,
    0.3333333333333333,
    0.3333333333333333,
    0.37037037037037035,
    0.37037037037037035,
    0.37037037037037035,
    0.37037037037037035,
    0.37037037037037035,
    0.3333333333333333,
    0.3333333333333333,
    0.3333333333333333,
    0.3333333333333333,
    0.3333333333333333,
    0.3333333333333333,
    0.3333333333333333,
    0.3333333333333333,
    0.3333333333333333,
    0.3333333333333333,
    0.37037037037037035,
    0.37037037037037035,
    0.37037037037037035,
    0.37037037037037035,
    0.37037037037037035,
    0.2962962962962963,
    0.2962962962962963,
    0.2962962962962963,
    0.2962962962962963,
    0.3333333333333333,
    0.3333333333333333,
    0.2962962962962963,
    0.25925925925925924,
    0.3333333333333333
  ],
  "aae_fnr": [
    0.16129032258064513,
    0.19354838709677424,
    0.20967741935483875,
    0.22580645161290325,
    0.23118279569892475,
    0.21505376344086025,
    0.20430107526881724,
    0.20967741935483875,
    0.20430107526881724,
    0.20967741935483875,
    0.20967741935483875,
    0.19892473118279574,
    0.20430107526881724,
    0.18279569892473113,
    0.18279569892473113,
    0.17741935483870963,
    0.18279569892473113,
    0.18817204301075274,
    0.18279569892473113,
    0.17741935483870963,
    0.18279569892473113,
    0.18279569892473113,
    0.18279569892473113,
    0.17741935483870963,
    0.18279569892473113,
    0.18279569892473113,
    0.17741935483870963,
    0.17204301075268813,
    0.17204301075268813,
    0.17204301075268813,
    0.17741935483870963,
    0.17741935483870963,
    0.17741935483870963,
    0.17741935483870963,
    0.16666666666666663,
    0.16129032258064513,
    0.17204301075268813,
    0.16666666666666663,
    0.17204301075268813,
    0.16666666666666663,
    0.17204301075268813,
    0.17204301075268813,
    0.17204301075268813,
    0.16666666666666663,
    0.16666666666666663,
    0.17204301075268813,
    0.17204301075268813,
    0.17204301075268813,
    0.17204301075268813,
    0.16129032258064513,
    0.16666666666666663,
    0.17204301075268813,
    0.17204301075268813,
    0.17204301075268813,
    0.16666666666666663,
    0.16129032258064513,
    0.15591397849462363,
    0.15591397849462363,
    0.15591397849462363,
    0.15591397849462363,
    0.15591397849462363,
    0.15591397849462363,
    0.15591397849462363,
    0.15591397849462363,
    0.15591397849462363,
    0.15591397849462363,
    0.15591397849462363,
    0.15591397849462363,
    0.15591397849462363,
    0.15053763440860213,
    0.15591397849462363,
    0.16129032258064513,
    0.16129032258064513,
    0.15053763440860213,
    0.15053763440860213,
    0.15053763440860213,
    0.14516129032258063,
    0.15591397849462363,
    0.14516129032258063,
    0.14516129032258063,
    0.15053763440860213,
    0.14516129032258063,
    0.14516129032258063,
    0.14516129032258063,
    0.15591397849462363,
    0.14516129032258063,
    0.15053763440860213,
    0.14516129032258063,
    0.14516129032258063,
    0.14516129032258063,
    0.14516129032258063,
    0.13978494623655913,
    0.14516129032258063,
    0.14516129032258063,
    0.14516129032258063,
    0.13978494623655913,
    0.13978494623655913,
    0.14516129032258063,
    0.13978494623655913,
    0.13978494623655913
  ],