{
  "best_candidate": {
    "alpha_aae": 1.05,
    "beta_aae": -0.1
  },
  "test_accuracy": 0.8350680544435548,
  "test_f1": 0.8314238952536824,
  "AAE": {
    "TP": 167,
    "FP": 8,
    "TN": 19,
    "FN": 19,
    "FPR": 0.2962962961865569,
    "FNR": 0.10215053762891663,
    "TPR": 0.8978494623173199,
    "N": 213
  },
  "SAE": {
    "TP": 341,
    "FP": 82,
    "TN": 516,
    "FN": 97,
    "FPR": 0.13712374581710496,
    "FNR": 0.22146118720955568,
    "TPR": 0.7785388127676133,
    "N": 1036
  },
  "FPR_gap": 0.15917255036945194,
  "FNR_gap": 0.11931064958063906,
  "TPR_gap": 0.1193106495497066,
  "DIfav": 0.3015110733379404,
  "DIunfav": 2.0122309410720454
}