{
  "accuracy": 0.8518815052041633,
  "f1": 0.8469809760132341,
  "FPR_AAE": 0.14814814809327845,
  "FPR_SAE": 0.11390284756928136,
  "FPR_gap": 0.03424530052399709,
  "FNR_AAE": 0.16129032257197362,
  "FNR_SAE": 0.18906605922120578,
  "FNR_gap": 0.027775736649232163,
  "DIfav": 0.4212157405145267,
  "DIunfav": 1.8354149609113573,
  "alpha_aae": 0.8,
  "beta_aae": -0.8,
  "test_metrics": {
    "accuracy": 0.8374699759807847,
    "f1": 0.8331963845521775,
    "FPR_AAE": 0.14814814809327845,
    "FPR_SAE": 0.13712374581710496,
    "FPR_gap": 0.01102440227617349,
    "FNR_AAE": 0.16129032257197362,
    "FNR_SAE": 0.19863013698176643,
    "FNR_gap": 0.03733981440979281,
    "DIfav": 0.4275025425037464,
    "DIunfav": 1.797265459172389
  }
}