{
  "best_params": {
    "accuracy": 0.8813559322033898,
    "f1": 0.9303867403314917,
    "FPR_AAE": 0.481481481303155,
    "FPR_SAE": 0.47236180903731384,
    "FPR_gap": 0.00911967226584115,
    "FNR_AAE": 0.05297297297240029,
    "FNR_SAE": 0.0447416974167678,
    "FNR_gap": 0.008231275555632495,
    "DIfav": 0.4441211866420383,
    "DIunfav": 1.097331928806758,
    "alpha_aae": 0.8,
    "beta_aae": -1.2,
    "test_metrics": {
      "accuracy": 0.8733189887036041,
      "f1": 0.9261176470588235,
      "FPR_AAE": 0.481481481303155,
      "FPR_SAE": 0.5301003344392959,
      "FPR_gap": 0.04861885313614095,
      "FNR_AAE": 0.054054054053469684,
      "FNR_SAE": 0.04197416974150381,
      "FNR_gap": 0.012079884311965876,
      "DIfav": 0.4998644247464591,
      "DIunfav": 1.0777152841931756
    },
    "confident_subset_metrics": {
      "accuracy": 0.9014778325123153,
      "f1": 0.9439129000329924,
      "FPR_AAE": 0.4285714283673469,
      "FPR_SAE": 0.5072463768010922,
      "FPR_gap": 0.07867494843374528,
      "FNR_AAE": 0.0379746835438668,
      "FNR_SAE": 0.02550529355136908,
      "FNR_gap": 0.01246938999249772,
      "DIfav": 0.4449785314400125,
      "DIunfav": 1.071150312124624,
      "coverage": 0.9281871974179666,
      "unsure_rate": 0.07181280258203337
    },
    "uncertainty_band": {
      "low": 0.4,
      "high": 0.6
    }
  },
  "binary_test_metrics_all_examples": {
    "accuracy": 0.8733189887036041,
    "f1": 0.9261176470588235,
    "FPR_AAE": 0.481481481303155,
    "FPR_SAE": 0.5301003344392959,
    "FPR_gap": 0.04861885313614095,
    "FNR_AAE": 0.054054054053469684,
    "FNR_SAE": 0.04197416974150381,
    "FNR_gap": 0.012079884311965876,
    "DIfav": 0.4998644247464591,
    "DIunfav": 1.0777152841931756
  },
  "confident_subset_metrics": {
    "accuracy": 0.9014778325123153,
    "f1": 0.9439129000329924,
    "FPR_AAE": 0.4285714283673469,
    "FPR_SAE": 0.5072463768010922,
    "FPR_gap": 0.07867494843374528,
    "FNR_AAE": 0.0379746835438668,
    "FNR_SAE": 0.02550529355136908,
    "FNR_gap": 0.01246938999249772,
    "DIfav": 0.4449785314400125,
    "DIunfav": 1.071150312124624,
    "coverage": 0.9281871974179666,
    "unsure_rate": 0.07181280258203337
  },
  "ternary_counts": {
    "0": 336,
    "1": 267,
    "2": 3115
  },
  "uncertainty_band": {
    "low": 0.4,
    "high": 0.6
  }
}