{
  "round": [
    1,
    2,
    3,
    4,
    5,
    6,
    7,
    8,
    9,
    10,
    11,
    12,
    13,
    14,
    15,
    16,
    17,
    18,
    19,
    20,
    21,
    22,
    23,
    24,
    25,
    26,
    27,
    28,
    29,
    30,
    31,
    32,
    33,
    34,
    35,
    36,
    37,
    38,
    39,
    40,
    41,
    42,
    43,
    44,
    45,
    46,
    47,
    48,
    49,
    50,
    51,
    52,
    53,
    54,
    55,
    56,
    57,
    58,
    59,
    60,
    61,
    62,
    63,
    64,
    65,
    66,
    67,
    68,
    69,
    70,
    71,
    72,
    73,
    74,
    75,
    76,
    77,
    78,
    79,
    80,
    81,
    82,
    83,
    84,
    85,
    86,
    87,
    88,
    89,
    90,
    91,
    92,
    93,
    94,
    95,
    96,
    97,
    98,
    99,
    100
  ],
  "aae_fpr": [
    0.0,
    0.0,
    0.0,
    0.0,
    0.0,
    0.0,
    0.0,
    0.0,
    0.0,
    0.0,
    0.0,
    0.0,
    0.0,
    0.0,
    0.0,
    0.0,
    0.0,
    0.0,
    0.0,
    0.0,
    0.0,
    0.0,
    0.0,
    0.0,
    0.0,
    0.0,
    0.0,
    0.0,
    0.037037037037037035,
    0.037037037037037035,
    0.037037037037037035,
    0.07407407407407407,
    0.07407407407407407,
    0.07407407407407407,
    0.07407407407407407,
    0.1111111111111111,
    0.07407407407407407,
    0.1111111111111111,
    0.1111111111111111,
    0.1111111111111111,
    0.1111111111111111,
    0.14814814814814814,
    0.1111111111111111,
    0.1111111111111111,
    0.14814814814814814,
    0.14814814814814814,
    0.18518518518518517,
    0.18518518518518517,
    0.18518518518518517,
    0.18518518518518517,
    0.18518518518518517,
    0.18518518518518517,
    0.18518518518518517,
    0.18518518518518517,
    0.18518518518518517,
    0.18518518518518517,
    0.18518518518518517,
    0.18518518518518517,
    0.18518518518518517,
    0.18518518518518517,
    0.18518518518518517,
    0.18518518518518517,
    0.18518518518518517,
    0.18518518518518517,
    0.18518518518518517,
    0.18518518518518517,
    0.18518518518518517,
    0.18518518518518517,
    0.18518518518518517,
    0.18518518518518517,
    0.18518518518518517,
    0.18518518518518517,
    0.18518518518518517,
    0.18518518518518517,
    0.18518518518518517,
    0.18518518518518517,
    0.18518518518518517,
    0.18518518518518517,
    0.18518518518518517,
    0.18518518518518517,
    0.18518518518518517,
    0.18518518518518517,
    0.18518518518518517,
    0.18518518518518517,
    0.18518518518518517,
    0.18518518518518517,
    0.18518518518518517,
    0.18518518518518517,
    0.18518518518518517,
    0.18518518518518517,
    0.18518518518518517,
    0.18518518518518517,
    0.18518518518518517,
    0.18518518518518517,
    0.18518518518518517,
    0.18518518518518517,
    0.18518518518518517,
    0.18518518518518517,
    0.18518518518518517,
    0.18518518518518517
  ],
  "aae_fnr": [
    1.0,
    1.0,
    1.0,
    1.0,
    1.0,
    1.0,
    1.0,
    1.0,
    1.0,
    1.0,
    1.0,
    1.0,
    1.0,
    1.0,
    1.0,
    1.0,
    1.0,
    1.0,
    1.0,
    0.9848648648648649,
    0.961081081081081,
    0.9286486486486486,
    0.8843243243243243,
    0.8486486486486486,
    0.7924324324324324,
    0.7351351351351352,
    0.681081081081081,
    0.6335135135135135,
    0.585945945945946,
    0.5567567567567567,
    0.5318918918918919,
    0.5005405405405405,
    0.4821621621621621,
    0.4562162162162162,
    0.43999999999999995,
    0.4183783783783783,
    0.4075675675675675,
    0.3924324324324324,
    0.3827027027027027,
    0.3751351351351352,
    0.3664864864864865,
    0.36,
    0.35351351351351357,
    0.3405405405405405,
    0.33189189189189194,
    0.3286486486486486,
    0.3286486486486486,
    0.3232432432432433,
    0.3221621621621622,
    0.31351351351351353,
    0.3102702702702703,
    0.30486486486486486,
    0.2951351351351351,
    0.2994594594594595,
    0.292972972972973,
    0.28972972972972977,
    0.28648648648648645,
    0.27891891891891896,
    0.2767567567567567,
    0.27135135135135136,
    0.2702702702702703,
    0.2648648648648648,
    0.2659459459459459,
    0.26378378378378375,
    0.2648648648648648,
    0.2583783783783784,
    0.26054054054054054,
    0.2583783783783784,
    0.25621621621621626,
    0.24972972972972973,
    0.2508108108108108,
    0.24648648648648652,
    0.24108108108108106,
    0.23675675675675678,
    0.23783783783783785,
    0.2324324324324324,
    0.2356756756756757,
    0.2324324324324324,
    0.23027027027027025,
    0.22594594594594597,
    0.22594594594594597,
    0.22270270270270265,
    0.2205405405405405,
    0.21945945945945944,
    0.22270270270270265,
    0.2205405405405405,
    0.2172972972972973,
    0.22162162162162158,
    0.2172972972972973,
    0.21297297297297302,
    0.21081081081081077,
    0.20864864864864863,
    0.20864864864864863,
    0.2021621621621622,
    0.20324324324324328,
    0.19999999999999996,
    0.2021621621621622,
    0.20432432432432435,
    0.20108108108108103,
    0.19675675675675675
  ],
  "sae_fpr": [
    0.0,
    0.0,
    0.0,
    0.0,
    0.0,
    0.0,
    0.0,
    0.0,
    0.0,
    0.0,
    0.0016722408026755853,
    0.011705685618729096,
    0.020066889632107024,
    0.0451505016722408,
    0.07357859531772576,
    0.09364548494983277,
    0.09698996655518395,
    0.11872909698996656,
    0.13043478260869565,
    0.13712374581939799,
    0.14214046822742474,
    0.15551839464882944,
    0.16387959866220736,
    0.1688963210702341,
    0.17391304347826086,
    0.18227424749163879,
    0.18896321070234115,
    0.18227424749163879,
    0.19230769230769232,
    0.18729096989966554,
    0.19732441471571907,
    0.1939799331103679,
    0.1939799331103679,
    0.19732441471571907,
    0.2040133779264214,
    0.20234113712374582,
    0.20735785953177258,
    0.20735785953177258,
    0.21070234113712374,
    0.20903010033444816,
    0.2140468227424749,
    0.205685618729097,
    0.20735785953177258,
    0.20903010033444816,
    0.2140468227424749,
    0.21237458193979933,
    0.2140468227424749,
    0.2157190635451505,
    0.21739130434782608,
    0.22073578595317725,
    0.21906354515050167,
    0.21739130434782608,
    0.2157190635451505,
    0.21906354515050167,
    0.21906354515050167,
    0.2140468227424749,
    0.2140468227424749,
    0.21906354515050167,
    0.22240802675585283,
    0.22240802675585283,
    0.22742474916387959,
    0.22909698996655517,
    0.225752508361204,
    0.21906354515050167,
    0.21906354515050167,
    0.22408026755852842,
    0.22742474916387959,
    0.22073578595317725,
    0.21906354515050167,
    0.22240802675585283,
    0.22073578595317725,
    0.22240802675585283,
    0.22240802675585283,
    0.22408026755852842,
    0.21906354515050167,
    0.2140468227424749,
    0.21237458193979933,
    0.2140468227424749,
    0.21070234113712374,
    0.2140468227424749,
    0.205685618729097,
    0.205685618729097,
    0.21237458193979933,
    0.2140468227424749,
    0.21237458193979933,
    0.21070234113712374,
    0.20903010033444816,
    0.2040133779264214,
    0.205685618729097,
    0.20903010033444816,
    0.205685618729097,
    0.205685618729097,
    0.21237458193979933,
    0.20735785953177258,
    0.205685618729097,
    0.2040133779264214,
    0.20066889632107024,
    0.20066889632107024,
    0.20066889632107024,
    0.20066889632107024
  ],