{
  "aae_fpr": [
    0.0,
    0.0,
    0.0,
    0.0,
    0.0,
    0.0,
    0.0,
    0.0,
    0.0,
    0.0,
    0.0,
    0.0,
    0.0,
    0.0,
    0.05,
    0.047619047619047616,
    0.09523809523809523,
    0.09523809523809523,
    0.10526315789473684,
    0.18181818181818182,
    0.18181818181818182,
    0.19047619047619047,
    0.2,
    0.2,
    0.23809523809523808,
    0.30434782608695654,
    0.30434782608695654,
    0.2916666666666667,
    0.30434782608695654,
    0.30434782608695654,
    0.30434782608695654,
    0.34782608695652173,
    0.32,
    0.3333333333333333,
    0.36363636363636365,
    0.3333333333333333,
    0.3333333333333333,
    0.35,
    0.35,
    0.3684210526315789,
    0.35,
    0.3684210526315789,
    0.3684210526315789,
    0.38095238095238093,
    0.4,
    0.38095238095238093,
    0.38095238095238093,
    0.4,
    0.4,
    0.38095238095238093,
    0.4,
    0.45,
    0.42857142857142855,
    0.42857142857142855,
    0.42857142857142855,
    0.4,
    0.4,
    0.4,
    0.4,
    0.42105263157894735,
    0.45,
    0.42857142857142855,
    0.42857142857142855,
    0.45454545454545453,
    0.4090909090909091,
    0.42857142857142855,
    0.4090909090909091,
    0.4090909090909091,
    0.4,
    0.38095238095238093,
    0.42857142857142855,
    0.42857142857142855,
    0.4090909090909091,
    0.4090909090909091,
    0.4090909090909091,
    0.42857142857142855,
    0.45454545454545453,
    0.45,
    0.45,
    0.47619047619047616,
    0.45,
    0.5,
    0.5,
    0.5,
    0.47619047619047616,
    0.47619047619047616,
    0.47619047619047616,
    0.45454545454545453,
    0.45454545454545453,
    0.47619047619047616,
    0.45454545454545453,
    0.45454545454545453,
    0.45454545454545453,
    0.47619047619047616,
    0.45454545454545453,
    0.47619047619047616,
    0.47619047619047616,
    0.47619047619047616,
    0.47619047619047616,
    0.47619047619047616
  ],
  "sae_fpr": [
    0.0,
    0.6139817629179332,
    0.604221635883905,
    0.6041189931350115,
    0.5663716814159292,
    0.5729166666666666,
    0.5693581780538303,
    0.5626283367556468,
    0.5621301775147929,
    0.555992141453831,
    0.5350194552529183,
    0.5369649805447471,
    0.5334608030592735,
    0.5258126195028681,
    0.5351043643263758,
    0.532319391634981,
    0.5309568480300187,
    0.5294117647058824,
    0.5267175572519084,
    0.5247148288973384,
    0.5178907721280602,
    0.5198487712665406,
    0.5160680529300568,
    0.5102420856610801,
    0.4981481481481482,
    0.5018587360594795,
    0.49906191369606,
    0.49444444444444446,
    0.49353049907578556,
    0.4842300556586271,
    0.48428835489833644,
    0.4816849816849817,
    0.47714808043875684,
    0.47714808043875684,
    0.4706959706959707,
    0.4706959706959707,
    0.4696132596685083,
    0.46703296703296704,
    0.46210720887245843,
    0.4618249534450652,
    0.4604051565377532,
    0.45787545787545786,
    0.4562043795620438,
    0.44954128440366975,
    0.44789762340036565,
    0.44972577696526506,
    0.44703770197486536,
    0.4438405797101449,
    0.4430379746835443,
    0.43478260869565216,
    0.43243243243243246,
    0.4316546762589928,
    0.4314079422382672,
    0.43010752688172044,
    0.4254937163375224,
    0.42473118279569894,
    0.42857142857142855,
    0.4257602862254025,
    0.4262589928057554,
    0.4262589928057554,
    0.4223826714801444,
    0.4198198198198198,
    0.41681574239713776,
    0.4198198198198198,
    0.4160714285714286,
    0.40819964349376114,
    0.40852575488454707,
    0.4078014184397163,
    0.4045936395759717,
    0.40319715808170514,
    0.40636042402826855,
    0.4074074074074074,
    0.4074074074074074,
    0.4074074074074074,
    0.4094903339191564,
    0.4080560420315236,
    0.4070175438596491,
    0.40597539543058,
    0.40421792618629176,
    0.40641711229946526,
    0.4007155635062612,
    0.3982142857142857,
    0.3996478873239437,
    0.39929947460595444,
    0.4028268551236749,
    0.4,
    0.3957597173144876,
    0.3908450704225352,
    0.392226148409894,
    0.3912280701754386,
    0.3912280701754386,
    0.3915343915343915,
    0.3929824561403509,
    0.3912280701754386,
    0.3912280701754386,
    0.3929824561403509,
    0.3922942206654991,
    0.39191564147627417,
    0.39045936395759717,
    0.3908450704225352
  ],
  "aae_fnr": [
    1.0,
    1.0,
    1.0,
    1.0,
    1.0,
    1.0,
    1.0,
    1.0,
    1.0,
    1.0,
    1.0,
    1.0,
    1.0,
    0.7881944444444444,
    0.4388646288209607,
    0.3290909090909091,
    0.2676518883415435,
    0.22067901234567902,
    0.18303571428571427,
    0.16643159379407615,
    0.1584022038567493,
    0.14819759679572764,
    0.1367741935483871,
    0.1277139208173691,
    0.12390488110137672,
    0.11793611793611794,
    0.1100244498777506,
    0.10571081409477522,
    0.09987819732034105,
    0.09759036144578313,
    0.09712230215827339,
    0.09069212410501193,
    0.08820023837902265,
    0.08875739644970414,
    0.08736717827626919,
    0.08225616921269095,
    0.08070175438596491,
    0.08149010477299184,
    0.08051341890315053,
    0.07995365005793743,
    0.0779976717112922,
    0.07514450867052024,
    0.07217694994179279,
    0.07234539089848308,
    0.06884480746791131,
    0.06820809248554913,
    0.06836616454229433,
    0.07035755478662054,
    0.06952491309385864,
    0.06797235023041474,
    0.06805074971164937,
    0.06551724137931035,
    0.06659012629161883,
    0.06659012629161883,
    0.06651376146788991,
    0.06544202066590127,
    0.06659012629161883,
    0.06506849315068493,
    0.06385404789053592,
    0.06271379703534778,
    0.06285714285714286,
    0.06242905788876277,
    0.06264236902050115,
    0.06356413166855845,
    0.06342015855039637,
    0.062076749435665914,
    0.060674157303370786,
    0.05981941309255079,
    0.05975197294250282,
    0.05961754780652419,
    0.05869074492099323,
    0.057432432432432436,
    0.060470324748040316,
    0.0593505039193729,
    0.05955056179775281,
    0.058361391694725026,
    0.058426966292134834,
    0.05723905723905724,
    0.05730337078651685,
    0.05711086226203808,
    0.05611672278338945,
    0.05611672278338945,
    0.055991041433370664,
    0.056919642857142856,
    0.05375139977603583,
    0.053811659192825115,
    0.05375139977603583,
    0.052572706935123045,
    0.05251396648044693,
    0.051511758118701005,
    0.051511758118701005,
    0.0515695067264574,
    0.05145413870246085,
    0.04932735426008968,
    0.050335570469798654,
    0.048314606741573035,
    0.048314606741573035,
    0.046223224351747465,
    0.045300113250283124,
    0.0472972972972973
  ],