{
  "round": [
    1,
    2,
    3,
    4,
    5,
    6,
    7,
    8,
    9,
    10,
    11,
    12,
    13,
    14,
    15,
    16,
    17,
    18,
    19,
    20,
    21,
    22,
    23,
    24,
    25,
    26,
    27,
    28,
    29,
    30,
    31,
    32,
    33,
    34,
    35,
    36,
    37,
    38,
    39,
    40,
    41,
    42,
    43,
    44,
    45,
    46,
    47,
    48,
    49,
    50,
    51,
    52,
    53,
    54,
    55,
    56,
    57,
    58,
    59,
    60,
    61,
    62,
    63,
    64,
    65,
    66,
    67,
    68,
    69,
    70,
    71,
    72,
    73,
    74,
    75,
    76,
    77,
    78,
    79,
    80,
    81,
    82,
    83,
    84,
    85,
    86,
    87,
    88,
    89,
    90,
    91,
    92,
    93,
    94,
    95,
    96,
    97,
    98,
    99,
    100
  ],
  "aae_fpr": [
    0.0,
    0.0,
    0.0,
    0.0,
    0.0,
    0.0,
    0.0,
    0.0,
    0.0,
    0.0,
    0.0,
    0.0,
    0.0,
    0.0,
    0.0,
    0.0,
    0.0,
    0.0,
    0.0,
    0.037037037037037035,
    0.037037037037037035,
    0.037037037037037035,
    0.037037037037037035,
    0.037037037037037035,
    0.037037037037037035,
    0.037037037037037035,
    0.1111111111111111,
    0.1111111111111111,
    0.1111111111111111,
    0.14814814814814814,
    0.14814814814814814,
    0.14814814814814814,
    0.14814814814814814,
    0.18518518518518517,
    0.14814814814814814,
    0.18518518518518517,
    0.14814814814814814,
    0.14814814814814814,
    0.14814814814814814,
    0.14814814814814814,
    0.14814814814814814,
    0.14814814814814814,
    0.25925925925925924,
    0.25925925925925924,
    0.25925925925925924,
    0.25925925925925924,
    0.2962962962962963,
    0.25925925925925924,
    0.25925925925925924,
    0.25925925925925924,
    0.25925925925925924,
    0.2962962962962963,
    0.2962962962962963,
    0.2962962962962963,
    0.2962962962962963,
    0.2962962962962963,
    0.2962962962962963,
    0.2962962962962963,
    0.2962962962962963,
    0.2962962962962963,
    0.2962962962962963,
    0.2962962962962963,
    0.2962962962962963,
    0.2962962962962963,
    0.2962962962962963,
    0.2962962962962963,
    0.2962962962962963,
    0.2962962962962963,
    0.25925925925925924,
    0.25925925925925924,
    0.25925925925925924,
    0.25925925925925924,
    0.25925925925925924,
    0.25925925925925924,
    0.25925925925925924,
    0.25925925925925924,
    0.25925925925925924,
    0.25925925925925924,
    0.25925925925925924,
    0.25925925925925924,
    0.25925925925925924,
    0.25925925925925924,
    0.25925925925925924,
    0.25925925925925924,
    0.2962962962962963,
    0.25925925925925924,
    0.25925925925925924,
    0.25925925925925924,
    0.25925925925925924,
    0.25925925925925924,
    0.25925925925925924,
    0.25925925925925924,
    0.25925925925925924,
    0.25925925925925924,
    0.25925925925925924,
    0.25925925925925924,
    0.25925925925925924,
    0.25925925925925924,
    0.25925925925925924,
    0.25925925925925924
  ],
  "aae_fnr": [
    1.0,
    1.0,
    1.0,
    1.0,
    1.0,
    1.0,
    1.0,
    1.0,
    1.0,
    1.0,
    1.0,
    1.0,
    1.0,
    1.0,
    1.0,
    1.0,
    1.0,
    1.0,
    0.9178378378378378,
    0.798918918918919,
    0.7102702702702703,
    0.6248648648648649,
    0.5643243243243243,
    0.5156756756756757,
    0.4875675675675676,
    0.4464864864864865,
    0.4183783783783783,
    0.3891891891891892,
    0.3708108108108108,
    0.3567567567567568,
    0.3264864864864865,
    0.31999999999999995,
    0.307027027027027,
    0.3027027027027027,
    0.28972972972972977,
    0.2843243243243243,
    0.2735135135135135,
    0.26378378378378375,
    0.2583783783783784,
    0.24864864864864866,
    0.24864864864864866,
    0.23891891891891892,
    0.23459459459459464,
    0.22918918918918918,
    0.22594594594594597,
    0.22378378378378383,
    0.2172972972972973,
    0.2172972972972973,
    0.21513513513513516,
    0.21081081081081077,
    0.2064864864864865,
    0.20108108108108103,
    0.19675675675675675,
    0.19567567567567568,
    0.19567567567567568,
    0.1913513513513514,
    0.18594594594594593,
    0.18594594594594593,
    0.1837837837837838,
    0.18270270270270272,
    0.1762162162162162,
    0.17081081081081084,
    0.16972972972972977,
    0.16648648648648645,
    0.16972972972972977,
    0.16756756756756752,
    0.16648648648648645,
    0.16540540540540538,
    0.16756756756756752,
    0.1643243243243243,
    0.1643243243243243,
    0.16540540540540538,
    0.16216216216216217,
    0.16216216216216217,
    0.1610810810810811,
    0.16000000000000003,
    0.1610810810810811,
    0.1610810810810811,
    0.1610810810810811,
    0.1610810810810811,
    0.15891891891891896,
    0.1578378378378379,
    0.1535135135135135,
    0.15459459459459457,
    0.15243243243243243,
    0.15135135135135136,
    0.1502702702702703,
    0.14378378378378376,
    0.1459459459459459,
    0.14378378378378376,
    0.14054054054054055,
    0.14162162162162162,
    0.14054054054054055,
    0.13729729729729734,
    0.13621621621621627,
    0.13405405405405402,
    0.1308108108108108,
    0.13405405405405402,
    0.13621621621621627,
    0.13405405405405402
  ],
  "sae_fpr": [
    0.0,
    0.0,
    0.0,
    0.020066889632107024,
    0.07023411371237458,
    0.1354515050167224,
    0.18227424749163879,
    0.22742474916387959,
    0.24581939799331104,
    0.25752508361204013,
    0.27424749163879597,
    0.28762541806020064,
    0.3093645484949833,
    0.3177257525083612,
    0.3311036789297659,
    0.33277591973244147,
    0.3377926421404682,
    0.33277591973244147,
    0.342809364548495,
    0.3377926421404682,
    0.3377926421404682,
    0.3394648829431438,
    0.3377926421404682,
    0.34615384615384615,
    0.34615384615384615,
    0.34448160535117056,
    0.342809364548495,
    0.3411371237458194,
    0.342809364548495,
    0.342809364548495,
    0.3494983277591973,
    0.3511705685618729,
    0.34448160535117056,
    0.34448160535117056,
    0.34615384615384615,
    0.3411371237458194,
    0.3411371237458194,
    0.3411371237458194,
    0.34448160535117056,
    0.342809364548495,
    0.34448160535117056,
    0.342809364548495,
    0.3377926421404682,
    0.3394648829431438,
    0.32608695652173914,
    0.3277591973244147,
    0.3277591973244147,
    0.32441471571906355,
    0.32441471571906355,
    0.3311036789297659,
    0.33444816053511706,
    0.3277591973244147,
    0.32608695652173914,
    0.32274247491638797,
    0.32441471571906355,
    0.3277591973244147,
    0.32274247491638797,
    0.3277591973244147,
    0.32441471571906355,
    0.3210702341137124,
    0.3311036789297659,
    0.3277591973244147,
    0.32274247491638797,
    0.3210702341137124,
    0.3210702341137124,
    0.3177257525083612,
    0.31270903010033446,
    0.31605351170568563,
    0.31605351170568563,
    0.32441471571906355,
    0.32608695652173914,
    0.3210702341137124,
    0.3177257525083612,
    0.31438127090301005,
    0.3110367892976589,
    0.3110367892976589,
    0.30434782608695654,
    0.30267558528428096,
    0.3060200668896321,
    0.3060200668896321,
    0.30267558528428096,
    0.2976588628762542,
    0.2976588628762542,
    0.2909698996655518,
    0.30434782608695654,
    0.3010033444816054,
    0.2993311036789298,
    0.2976588628762542,
    0.3010033444816054,
    0.30434782608695654,
    0.3076923076923077,
    0.30267558528428096,
    0.30267558528428096,
    0.2993311036789298,
    0.30434782608695654,
    0.30267558528428096,
    0.30267558528428096,
    0.3076923076923077,
    0.3076923076923077,
    0.2959866220735786
  ],