{
  "accuracy": 0.8813559322033898,
  "f1": 0.9303867403314917,
  "FPR_AAE": 0.481481481303155,
  "FPR_SAE": 0.47236180903731384,
  "FPR_gap": 0.00911967226584115,
  "FNR_AAE": 0.05297297297240029,
  "FNR_SAE": 0.0447416974167678,
  "FNR_gap": 0.008231275555632495,
  "DIfav": 0.4441211866420383,
  "DIunfav": 1.097331928806758,
  "alpha_aae": 0.8,
  "beta_aae": -1.2,
  "test_metrics": {
    "accuracy": 0.5417637679381823,
    "f1": 0.6382649109217661,
    "FPR_AAE": 0.8979591836429265,
    "FPR_SAE": 0.7185392543571465,
    "FPR_gap": 0.17941992928578,
    "FNR_AAE": 0.06837606837314632,
    "FNR_SAE": 0.19510039146332225,
    "FNR_gap": 0.12672432309017595,
    "DIfav": 0.36587661089179485,
    "DIunfav": 1.1981866172615947
  }
}