{
  "dialect_col": "dialect_strict",
  "learned_thresholds": {
    "AAE": 0.7597222137451172,
    "SAE": 0.4838559186458588
  },
  "validation": {
    "t_aae": 0.7597222137451172,
    "t_sae": 0.4838559186458588,
    "val_accuracy": 0.8478783026421137,
    "val_f1": 0.8419301164725458,
    "val_metrics": {
      "AAE": {
        "TP": 151,
        "FP": 3,
        "TN": 24,
        "FN": 35,
        "FPR": 0.11111111106995884,
        "FNR": 0.1881720430006359,
        "TPR": 0.8118279569456006,
        "N": 213
      },
      "SAE": {
        "TP": 355,
        "FP": 68,
        "TN": 529,
        "FN": 84,
        "FPR": 0.11390284756928136,
        "FNR": 0.1913439635491721,
        "TPR": 0.8086560364280488,
        "N": 1036
      },
      "FPR_gap": 0.002791736499322517,
      "FNR_gap": 0.003171920548536211,
      "TPR_gap": 0.003171920517551774,
      "DIfav": 0.46813561386680225,
      "DIunfav": 1.7707632281434
    }
  },
  "baseline": {
    "accuracy": 0.8414731785428343,
    "f1": 0.8377049180327869,
    "precision": 0.8573825503355704,
    "recall": 0.8189102564102564,
    "group_metrics": {
      "AAE": {
        "TP": 168,
        "FP": 9,
        "TN": 18,
        "FN": 18,
        "FPR": 0.3333333332098765,
        "FNR": 0.09677419354318417,
        "TPR": 0.9032258064030524,
        "N": 213
      },
      "SAE": {
        "TP": 343,
        "FP": 76,
        "TN": 522,
        "FN": 95,
        "FPR": 0.12709030100121924,
        "FNR": 0.21689497716399783,
        "TPR": 0.7831050228131711,
        "N": 1036
      },
      "FPR_gap": 0.20624303220865728,
      "FNR_gap": 0.12012078362081366,
      "TPR_gap": 0.12012078358988132,
      "DIfav": 0.2837902570652005,
      "DIunfav": 2.0546572486025183
    }
  },
  "equalized_odds_postprocess": {
    "accuracy": 0.8302642113690952,
    "f1": 0.8245033112582781,
    "precision": 0.8527397260273972,
    "recall": 0.7980769230769231,
    "group_metrics": {
      "AAE": {
        "TP": 150,
        "FP": 5,
        "TN": 22,
        "FN": 36,
        "FPR": 0.18518518511659807,
        "FNR": 0.19354838708636835,
        "TPR": 0.8064516128598681,
        "N": 213
      },
      "SAE": {
        "TP": 348,
        "FP": 81,
        "TN": 517,
        "FN": 90,
        "FPR": 0.13545150501445732,
        "FNR": 0.2054794520501032,
        "TPR": 0.7945205479270657,
        "N": 1036
      },
      "FPR_gap": 0.04973368010214074,
      "FNR_gap": 0.011931064963734861,
      "TPR_gap": 0.011931064932802382,
      "DIfav": 0.46475005201015807,
      "DIunfav": 1.757334954333411
    }
  }
}