{
  "lambda_adv": 0.4,
  "adv_c": 0.1,
  "min_f1_ratio": 0.99,
  "min_coverage": 0.7,
  "t_aae": 0.82,
  "delta_aae": 0.03,
  "t_sae": 0.58,
  "delta_sae": 0.0,
  "val_coverage": 0.9900457358084476,
  "val_abstain_rate": 0.0099542641915523,
  "val_sel_accuracy": 0.8809782608695652,
  "val_sel_f1": 0.9295140006437076,
  "val_AAE_coverage": 0.9611344537815126,
  "val_AAE_abstain_rate": 0.0388655462184873,
  "val_AAE_FPR": 0.4583333333333333,
  "val_AAE_FNR": 0.058361391694725,
  "val_AAE_TPR": 0.941638608305275,
  "val_AAE_pos_rate": 0.9289617486338798,
  "val_SAE_coverage": 1.0,
  "val_SAE_abstain_rate": 0.0,
  "val_SAE_FPR": 0.4288107202680067,
  "val_SAE_FNR": 0.0548892988929889,
  "val_SAE_TPR": 0.9451107011070112,
  "val_SAE_pos_rate": 0.833634719710669,
  "val_FPR_gap": 0.0295226130653266,
  "val_FNR_gap": 0.003472092801736,
  "val_abstain_gap": 0.0388655462184873,
  "val_mean_FPR": 0.44357202680067,
  "val_mean_FNR": 0.0566253452938569,
  "val_abs_balance": 0.386946681506813,
  "test_coverage": 0.9887036040882194,
  "test_abstain_rate": 0.0112963959117805,
  "test_sel_accuracy": 0.8797606093579978,
  "test_sel_f1": 0.9289160501769056,
  "test_AAE_coverage": 0.9558823529411764,
  "test_AAE_abstain_rate": 0.0441176470588234,
  "test_AAE_FPR": 0.3636363636363636,
  "test_AAE_FNR": 0.0619369369369369,
  "test_AAE_TPR": 0.9380630630630632,
  "test_AAE_pos_rate": 0.9241758241758242,
  "test_SAE_coverage": 1.0,
  "test_SAE_abstain_rate": 0.0,
  "test_SAE_FPR": 0.4448160535117056,
  "test_SAE_FNR": 0.0521217712177121,
  "test_SAE_TPR": 0.9478782287822878,
  "test_SAE_pos_rate": 0.839117859725235,
  "test_FPR_gap": 0.081179689875342,
  "test_FNR_gap": 0.0098151657192247,
  "test_abstain_gap": 0.0441176470588234,
  "test_mean_FPR": 0.4042262085740347,
  "test_mean_FNR": 0.0570293540773245,
  "test_abs_balance": 0.3471968544967101,
  "train_elapsed_sec": 41.96,
  "val_score": 0.3264641266862048,
  "test_score": 0.2600233123695386
}