{
  "best_config": {
    "lambda_adv": 0.1,
    "adv_c": 0.1,
    "min_f1_ratio": 0.99,
    "t_aae": 0.6061224489795919,
    "t_sae": 0.4265306122448979
  },
  "in_domain_test_with_tuned_thresholds": {
    "accuracy": 0.8254603682946358,
    "f1": 0.829153605015674,
    "AAE_FPR": 0.2222222222222222,
    "AAE_FNR": 0.12903225806451613,
    "AAE_TPR": 0.8709677419354839,
    "AAE_acc": 0.8591549295774648,
    "AAE_pos_rate": 0.7887323943661971,
    "SAE_FPR": 0.1956521739130435,
    "SAE_FNR": 0.16210045662100456,
    "SAE_TPR": 0.8378995433789954,
    "SAE_acc": 0.8185328185328186,
    "SAE_pos_rate": 0.4671814671814672,
    "FPR_gap": 0.026570048309178723,
    "FNR_gap": 0.03306819855648843,
    "TPR_gap": 0.03306819855648846,
    "mean_FPR": 0.20893719806763283,
    "mean_FNR": 0.14556635734276036,
    "abs_balance": 0.06337084072487248,
    "DIfav": 0.3965094842912708,
    "DIunfav": 1.6882783947785456
  },
  "out_of_domain_test_with_tuned_thresholds": {
    "accuracy": 0.5550104256102049,
    "f1": 0.5279729378090033,
    "AAE_FPR": 0.8027210884353742,
    "AAE_FNR": 0.12393162393162394,
    "AAE_TPR": 0.8760683760683761,
    "AAE_acc": 0.4981060606060606,
    "AAE_pos_rate": 0.8352272727272727,
    "SAE_FPR": 0.37218475633032194,
    "SAE_FNR": 0.5134486677610809,
    "SAE_TPR": 0.48655133223891905,
    "SAE_acc": 0.5569146913423755,
    "SAE_pos_rate": 0.4295854987957916,
    "FPR_gap": 0.4305363321050522,
    "FNR_gap": 0.38951704382945695,
    "TPR_gap": 0.389517043829457,
    "mean_FPR": 0.5874529223828481,
    "mean_FNR": 0.3186901458463524,
    "abs_balance": 0.26876277653649566,
    "DIfav": 0.28886489392577647,
    "DIunfav": 1.944263145813672
  },
  "in_domain_test_threshold_0.5": {
    "accuracy": 0.8350680544435548,
    "f1": 0.833063209076175,
    "AAE_FPR": 0.37037037037037035,
    "AAE_FNR": 0.0913978494623656,
    "AAE_TPR": 0.9086021505376344,
    "AAE_acc": 0.8732394366197183,
    "AAE_pos_rate": 0.8403755868544601,
    "SAE_FPR": 0.14381270903010032,
    "SAE_FNR": 0.21232876712328766,
    "SAE_TPR": 0.7876712328767124,
    "SAE_acc": 0.8272200772200772,
    "SAE_pos_rate": 0.416023166023166,
    "FPR_gap": 0.22655766134027003,
    "FNR_gap": 0.12093091766092207,
    "TPR_gap": 0.12093091766092201,
    "mean_FPR": 0.25709153970023535,
    "mean_FNR": 0.15186330829282663,
    "abs_balance": 0.10522823140740872,
    "DIfav": 0.2733403127057416,
    "DIunfav": 2.0200210836515136
  },
  "out_of_domain_test_threshold_0.5": {
    "accuracy": 0.5529253035692383,
    "f1": 0.49375,
    "AAE_FPR": 0.8571428571428571,
    "AAE_FNR": 0.08974358974358974,
    "AAE_TPR": 0.9102564102564102,
    "AAE_acc": 0.48295454545454547,
    "AAE_pos_rate": 0.8806818181818182,
    "SAE_FPR": 0.31047207023794376,
    "SAE_FNR": 0.5779770173001642,
    "SAE_TPR": 0.42202298269983585,
    "SAE_acc": 0.5552668272277855,
    "SAE_pos_rate": 0.36645962732919257,
    "FPR_gap": 0.5466707869049133,
    "FNR_gap": 0.4882334275565744,
    "TPR_gap": 0.4882334275565744,
    "mean_FPR": 0.5838074636904005,
    "mean_FNR": 0.33386030352187696,
    "abs_balance": 0.24994716016852353,
    "DIfav": 0.18833555852457856,
    "DIunfav": 2.403216421323632
  }
}