{
  "tag": "T1",
  "enable_1_ceo": true,
  "enable_2_platt": false,
  "enable_3_reductions": false,
  "enable_4_roc": false,
  "accuracy": 0.8310648518815053,
  "f1": 0.8291497975708502,
  "AAE_FPR": 0.5185185183264746,
  "AAE_FNR": 0.1075268817146491,
  "AAE_TPR": 0.8924731182315875,
  "AAE_acc": 0.8403755868544601,
  "AAE_pos_rate": 0.8450704225352113,
  "SAE_FPR": 0.1421404682250478,
  "SAE_FNR": 0.21004566209566106,
  "SAE_TPR": 0.7899543378815079,
  "SAE_acc": 0.8291505791505791,
  "SAE_pos_rate": 0.416023166023166,
  "FPR_gap": 0.3763780501014268,
  "FNR_gap": 0.10251878038101196,
  "TPR_gap": 0.10251878035007955,
  "DIfav": 0.2653008917438081,
  "DIunfav": 2.031306117638393
}