{
  "tag": "T1_T3",
  "enable_1_ceo": true,
  "enable_2_platt": false,
  "enable_3_reductions": true,
  "enable_4_roc": false,
  "accuracy": 0.8286629303442754,
  "f1": 0.8293460925039873,
  "AAE_FPR": 0.37037037023319613,
  "AAE_FNR": 0.07526881720025436,
  "AAE_TPR": 0.9247311827459822,
  "AAE_acc": 0.8873239436619719,
  "AAE_pos_rate": 0.8544600938967136,
  "SAE_FPR": 0.16722408026476213,
  "SAE_FNR": 0.2054794520501032,
  "SAE_TPR": 0.7945205479270657,
  "SAE_acc": 0.8166023166023166,
  "SAE_pos_rate": 0.43243243243243246,
  "FPR_gap": 0.203146289968434,
  "FNR_gap": 0.13021063484984885,
  "TPR_gap": 0.13021063481891648,
  "DIfav": 0.2564274490925447,
  "DIunfav": 1.9759389214425627
}