{
  "best_params": {
    "accuracy": 0.8813559322033898,
    "f1": 0.9303867403314917,
    "FPR_AAE": 0.481481481303155,
    "FPR_SAE": 0.47236180903731384,
    "FPR_gap": 0.00911967226584115,
    "FNR_AAE": 0.05297297297240029,
    "FNR_SAE": 0.0447416974167678,
    "FNR_gap": 0.008231275555632495,
    "DIfav": 0.4441211866420383,
    "DIunfav": 1.097331928806758,
    "alpha_aae": 0.8,
    "beta_aae": -1.2,
    "test_metrics": {
      "accuracy": 0.8733189887036041,
      "f1": 0.9261176470588235,
      "FPR_AAE": 0.481481481303155,
      "FPR_SAE": 0.5301003344392959,
      "FPR_gap": 0.04861885313614095,
      "FNR_AAE": 0.054054054053469684,
      "FNR_SAE": 0.04197416974150381,
      "FNR_gap": 0.012079884311965876,
      "DIfav": 0.4998644247464591,
      "DIunfav": 1.0777152841931756
    },
    "confident_subset_metrics": {
      "accuracy": 0.9132406287787183,
      "f1": 0.951281616024444,
      "FPR_AAE": 0.4374999997265625,
      "FPR_SAE": 0.5070422535092244,
      "FPR_gap": 0.06954225378266188,
      "FNR_AAE": 0.02751196172215895,
      "FNR_SAE": 0.020197044334875878,
      "FNR_gap": 0.007314917387283071,
      "DIfav": 0.367506463862312,
      "DIunfav": 1.0719981143838218,
      "coverage": 0.8897256589564282,
      "unsure_rate": 0.11027434104357181
    },
    "uncertainty_band": {
      "low": 0.35,
      "high": 0.65
    }
  },
  "binary_test_metrics_all_examples": {
    "accuracy": 0.8733189887036041,
    "f1": 0.9261176470588235,
    "FPR_AAE": 0.481481481303155,
    "FPR_SAE": 0.5301003344392959,
    "FPR_gap": 0.04861885313614095,
    "FNR_AAE": 0.054054054053469684,
    "FNR_SAE": 0.04197416974150381,
    "FNR_gap": 0.012079884311965876,
    "DIfav": 0.4998644247464591,
    "DIunfav": 1.0777152841931756
  },
  "confident_subset_metrics": {
    "accuracy": 0.9132406287787183,
    "f1": 0.951281616024444,
    "FPR_AAE": 0.4374999997265625,
    "FPR_SAE": 0.5070422535092244,
    "FPR_gap": 0.06954225378266188,
    "FNR_AAE": 0.02751196172215895,
    "FNR_SAE": 0.020197044334875878,
    "FNR_gap": 0.007314917387283071,
    "DIfav": 0.367506463862312,
    "DIunfav": 1.0719981143838218,
    "coverage": 0.8897256589564282,
    "unsure_rate": 0.11027434104357181
  },
  "ternary_counts": {
    "0": 283,
    "1": 410,
    "2": 3025
  },
  "uncertainty_band": {
    "low": 0.35,
    "high": 0.65
  }
}