{
  "lambda_adv": 0.05,
  "adv_c": 3.0,
  "min_f1_ratio": 0.85,
  "min_coverage": 0.7,
  "t_aae": 0.82,
  "delta_aae": 0.03,
  "t_sae": 0.62,
  "delta_sae": 0.03,
  "val_coverage": 0.9741727199354318,
  "val_abstain_rate": 0.0258272800645682,
  "val_sel_accuracy": 0.8900856117094725,
  "val_sel_f1": 0.934860883797054,
  "val_AAE_coverage": 0.9716386554621848,
  "val_AAE_abstain_rate": 0.0283613445378151,
  "val_AAE_FPR": 0.3809523809523809,
  "val_AAE_FNR": 0.0497787610619469,
  "val_AAE_TPR": 0.9502212389380532,
  "val_AAE_pos_rate": 0.9372972972972972,
  "val_SAE_coverage": 0.9750452079566004,
  "val_SAE_abstain_rate": 0.0249547920433996,
  "val_SAE_FPR": 0.3678571428571429,
  "val_SAE_FNR": 0.0650749063670412,
  "val_SAE_TPR": 0.9349250936329588,
  "val_SAE_pos_rate": 0.8171364985163204,
  "val_FPR_gap": 0.013095238095238,
  "val_FNR_gap": 0.0152961453050943,
  "val_abstain_gap": 0.0034065524944154,
  "val_mean_FPR": 0.3744047619047619,
  "val_mean_FNR": 0.057426833714494,
  "val_abs_balance": 0.3169779281902678,
  "test_coverage": 0.9725658956428188,
  "test_abstain_rate": 0.0274341043571813,
  "test_sel_accuracy": 0.8891039823008849,
  "test_sel_f1": 0.934444989373876,
  "test_AAE_coverage": 0.9548319327731092,
  "test_AAE_abstain_rate": 0.0451680672268907,
  "test_AAE_FPR": 0.4761904761904761,
  "test_AAE_FNR": 0.0472972972972973,
  "test_AAE_TPR": 0.9527027027027029,
  "test_AAE_pos_rate": 0.9416941694169416,
  "test_SAE_coverage": 0.9786695589298626,
  "test_SAE_abstain_rate": 0.0213304410701373,
  "test_SAE_FPR": 0.3908450704225352,
  "test_SAE_FNR": 0.0593735390369331,
  "test_SAE_TPR": 0.9406264609630668,
  "test_SAE_pos_rate": 0.8252678241595862,
  "test_FPR_gap": 0.0853454057679409,
  "test_FNR_gap": 0.0120762417396358,
  "test_abstain_gap": 0.0238376261567533,
  "test_mean_FPR": 0.4335177733065056,
  "test_mean_FNR": 0.0533354181671152,
  "test_abs_balance": 0.3801823551393904,
  "train_elapsed_sec": 57.76,
  "val_score": 0.13480178111562796,
  "test_score": 0.33209638855153023
}