{
  "tag": "T1_T2_T3_T4",
  "enable_1_ceo": true,
  "enable_2_platt": true,
  "enable_3_reductions": true,
  "enable_4_roc": true,
  "accuracy": 0.7862289831865492,
  "f1": 0.8074981975486661,
  "AAE_FPR": 0.3333333332098765,
  "AAE_FNR": 0.08602150537171926,
  "AAE_TPR": 0.9139784945745173,
  "AAE_acc": 0.8826291079812206,
  "AAE_pos_rate": 0.8403755868544601,
  "SAE_FPR": 0.32441471571363856,
  "SAE_FNR": 0.10958904109338838,
  "SAE_TPR": 0.8904109588837805,
  "SAE_acc": 0.7664092664092664,
  "SAE_pos_rate": 0.5637065637065637,
  "FPR_gap": 0.008918617496237957,
  "FNR_gap": 0.023567535721669114,
  "TPR_gap": 0.023567535690736774,
  "DIfav": 0.365864796965531,
  "DIunfav": 1.4908032406446903
}