{
  "tag": "T1_T2",
  "enable_1_ceo": true,
  "enable_2_platt": true,
  "enable_3_reductions": false,
  "enable_4_roc": false,
  "accuracy": 0.8390712570056045,
  "f1": 0.839584996009577,
  "AAE_FPR": 0.7037037034430726,
  "AAE_FNR": 0.026881720428662274,
  "AAE_TPR": 0.9731182795175742,
  "AAE_acc": 0.8873239436619719,
  "AAE_pos_rate": 0.9389671361502347,
  "SAE_FPR": 0.1404682274224002,
  "SAE_FNR": 0.21232876711843998,
  "SAE_TPR": 0.787671232858729,
  "SAE_acc": 0.8291505791505791,
  "SAE_pos_rate": 0.4140926640926641,
  "FPR_gap": 0.5632354760206725,
  "FNR_gap": 0.1854470466897777,
  "TPR_gap": 0.18544704665884526,
  "DIfav": 0.10416811510572507,
  "DIunfav": 2.267528973333434
}