{
  "tag": "T1_T4",
  "enable_1_ceo": true,
  "enable_2_platt": false,
  "enable_3_reductions": false,
  "enable_4_roc": true,
  "accuracy": 0.8134507606084868,
  "f1": 0.8209069946195234,
  "AAE_FPR": 0.2962962961865569,
  "AAE_FNR": 0.14516129031477626,
  "AAE_TPR": 0.8548387096314602,
  "AAE_acc": 0.8356807511737089,
  "AAE_pos_rate": 0.784037558685446,
  "SAE_FPR": 0.22575250835742888,
  "SAE_FNR": 0.14383561643507226,
  "SAE_TPR": 0.8561643835420967,
  "SAE_acc": 0.8088803088803089,
  "SAE_pos_rate": 0.4922779922779923,
  "FPR_gap": 0.07054378782912801,
  "FNR_gap": 0.0013256738797040035,
  "TPR_gap": 0.0013256739106364268,
  "DIfav": 0.4253556745155763,
  "DIunfav": 1.5926723417608561
}