{
  "tag": "T2_T3",
  "enable_1_ceo": false,
  "enable_2_platt": true,
  "enable_3_reductions": true,
  "enable_4_roc": false,
  "accuracy": 0.8326661329063251,
  "f1": 0.8334661354581673,
  "AAE_FPR": 0.666666666419753,
  "AAE_FNR": 0.016129032257197362,
  "AAE_TPR": 0.9838709676890391,
  "AAE_acc": 0.9014084507042254,
  "AAE_pos_rate": 0.9436619718309859,
  "SAE_FPR": 0.15050167223828592,
  "SAE_FNR": 0.2237442922323346,
  "SAE_TPR": 0.7762557077448343,
  "SAE_acc": 0.8185328185328186,
  "SAE_pos_rate": 0.41505791505791506,
  "FPR_gap": 0.5161649941814671,
  "FNR_gap": 0.20761525997513725,
  "TPR_gap": 0.20761525994420482,
  "DIfav": 0.0963138550912328,
  "DIunfav": 2.2735669285180187
}