{
  "tag": "T2_T4",
  "enable_1_ceo": false,
  "enable_2_platt": true,
  "enable_3_reductions": false,
  "enable_4_roc": true,
  "accuracy": 0.8014411529223379,
  "f1": 0.8208092485549133,
  "AAE_FPR": 0.5185185183264746,
  "AAE_FNR": 0.08602150537171926,
  "AAE_TPR": 0.9139784945745173,
  "AAE_acc": 0.8591549295774648,
  "AAE_pos_rate": 0.863849765258216,
  "SAE_FPR": 0.29765886287127663,
  "SAE_FNR": 0.09132420091115698,
  "SAE_TPR": 0.9086757990660119,
  "SAE_acc": 0.7895752895752896,
  "SAE_pos_rate": 0.555984555984556,
  "FPR_gap": 0.22085965545519792,
  "FNR_gap": 0.005302695539437713,
  "TPR_gap": 0.005302695508505373,
  "DIfav": 0.30663400003426083,
  "DIunfav": 1.5537297581785963
}