{
  "tag": "T3_T4",
  "enable_1_ceo": false,
  "enable_2_platt": false,
  "enable_3_reductions": true,
  "enable_4_roc": true,
  "accuracy": 0.7958366693354684,
  "f1": 0.8095593726661687,
  "AAE_FPR": 0.3333333332098765,
  "AAE_FNR": 0.118279569886114,
  "AAE_TPR": 0.8817204300601226,
  "AAE_acc": 0.8544600938967136,
  "AAE_pos_rate": 0.812206572769953,
  "SAE_FPR": 0.2742474916342099,
  "SAE_FNR": 0.13698630136673548,
  "SAE_TPR": 0.8630136986104334,
  "SAE_acc": 0.7837837837837838,
  "SAE_pos_rate": 0.5231660231660231,
  "FPR_gap": 0.0590858415756666,
  "FNR_gap": 0.018706731480621477,
  "TPR_gap": 0.01870673144968915,
  "DIfav": 0.39383398083038185,
  "DIunfav": 1.5524833824832904
}